Date/Time,240 [°C],240 [m/s],272 [°C],272 [m/s],284 [°C],284 [m/s],348 [°C],348 [m/s],351 [°C],351 [m/s],518 [°C],518 [m/s],994 [°C],994 [m/s],
07/11/24 2:47:26 PM,11.3,1.30,11.1,4.11,11.0,3.48,11.1,2.90,11.1,3.46,11.2,2.75,11.2,3.14,
07/11/24 2:47:27 PM,11.3,1.10,11.1,3.70,11.0,3.73,11.1,3.01,11.1,3.15,11.2,2.60,11.2,3.61,
07/11/24 2:47:28 PM,11.3,2.38,11.1,3.49,11.1,3.36,11.1,2.86,11.1,3.24,11.2,2.15,11.2,3.18,
07/11/24 2:47:29 PM,11.2,2.88,11.1,3.76,11.1,3.19,11.1,2.84,11.1,3.16,11.2,2.35,11.2,3.12,
07/11/24 2:47:30 PM,11.2,2.90,11.1,3.76,11.1,3.33,11.1,2.79,11.2,3.09,11.2,2.53,11.2,2.92,
07/11/24 2:47:31 PM,11.2,2.94,11.1,4.20,11.1,3.44,11.1,2.96,11.2,3.40,11.2,2.65,11.2,3.05,
07/11/24 2:47:32 PM,11.2,2.79,11.1,3.60,11.1,3.31,11.1,2.85,11.2,3.27,11.2,2.56,11.2,3.10,
07/11/24 2:47:33 PM,11.3,2.82,11.1,2.77,11.1,3.65,11.1,3.32,11.2,3.73,11.2,2.56,11.2,3.11,
07/11/24 2:47:34 PM,11.3,2.60,11.1,2.89,11.1,3.58,11.1,3.02,11.2,3.47,11.2,2.56,11.2,3.38,
07/11/24 2:47:35 PM,11.2,2.98,11.1,3.41,11.1,3.41,11.1,2.97,11.2,3.56,11.2,2.76,11.2,3.38,
07/11/24 2:47:36 PM,11.2,3.24,11.1,3.55,11.1,3.63,11.1,3.27,11.2,3.59,11.2,2.70,-,-,
07/11/24 2:47:37 PM,11.2,2.93,11.1,3.47,11.1,3.38,11.1,2.94,11.2,3.35,11.2,2.62,-,-,
07/11/24 2:47:38 PM,11.2,2.76,11.1,3.36,11.1,2.75,11.1,2.95,11.2,3.65,11.2,2.78,-,-,
07/11/24 2:47:39 PM,11.2,3.12,11.1,3.44,11.1,3.37,11.1,3.12,11.2,3.66,11.2,2.96,-,-,
07/11/24 2:47:40 PM,11.2,3.42,11.1,3.99,11.1,3.72,11.2,3.36,11.2,3.77,11.2,2.83,-,-,
07/11/24 2:47:41 PM,11.3,2.83,11.1,3.03,11.1,3.21,11.2,3.53,11.2,4.02,11.2,2.85,-,-,
07/11/24 2:47:42 PM,11.2,2.58,11.1,2.91,11.1,3.55,11.1,3.83,11.1,4.15,11.2,3.14,-,-,
07/11/24 2:47:43 PM,11.2,2.71,11.1,2.48,11.0,3.78,11.1,4.11,11.1,4.32,11.2,2.30,11.2,9.61,
07/11/24 2:47:44 PM,11.2,2.89,11.1,2.95,11.0,3.56,11.1,3.59,11.1,3.85,11.2,2.70,11.2,3.17,
07/11/24 2:47:45 PM,11.2,3.07,11.1,2.85,11.0,3.34,11.1,3.13,11.1,3.99,11.2,2.97,11.2,3.76,
07/11/24 2:47:46 PM,11.2,2.70,11.1,3.00,11.0,3.70,11.1,3.89,11.1,4.10,11.2,2.92,11.2,3.30,
07/11/24 2:47:47 PM,11.2,2.82,11.1,3.13,11.0,3.40,11.1,3.64,11.1,3.89,11.2,2.79,11.2,3.72,
07/11/24 2:47:48 PM,11.2,2.66,11.1,2.97,11.0,3.14,11.1,3.05,11.1,3.44,11.2,2.71,11.2,3.71,
07/11/24 2:47:49 PM,11.2,2.71,11.1,3.02,11.0,3.39,11.1,3.87,11.1,4.17,11.2,2.83,11.2,3.65,
07/11/24 2:47:50 PM,11.2,1.76,11.1,2.75,11.0,3.28,11.1,3.63,11.1,3.60,11.2,3.05,11.2,3.51,
07/11/24 2:47:51 PM,11.2,1.24,11.1,3.04,11.0,2.91,11.1,3.15,11.1,3.39,11.1,1.97,11.2,3.35,
07/11/24 2:47:52 PM,11.2,1.39,11.1,2.38,11.0,2.99,11.1,3.26,11.1,3.58,11.1,2.53,11.2,3.74,
07/11/24 2:47:53 PM,11.2,1.85,11.1,2.67,11.0,3.62,11.1,3.56,11.1,3.75,11.1,2.82,11.2,4.13,
07/11/24 2:47:54 PM,11.2,2.87,11.1,3.32,11.0,3.73,11.1,3.81,11.1,4.21,11.1,2.98,11.2,4.22,
07/11/24 2:47:55 PM,11.2,2.81,11.1,3.05,11.0,3.64,11.1,4.20,11.1,4.44,11.1,3.10,11.2,4.29,
07/11/24 2:47:56 PM,11.2,1.47,11.1,2.92,11.0,3.64,11.1,4.17,11.1,4.44,11.1,3.27,11.2,4.29,
07/11/24 2:47:57 PM,11.2,1.75,11.1,2.25,11.0,2.80,11.1,3.08,11.1,3.48,11.1,2.67,11.2,4.00,
07/11/24 2:47:58 PM,11.2,1.73,11.1,1.96,11.0,2.30,11.1,2.49,11.1,2.82,11.1,2.34,11.2,2.90,
07/11/24 2:47:59 PM,11.2,1.78,11.1,1.81,11.0,2.13,11.1,2.46,11.1,2.67,11.1,1.93,11.2,2.34,
07/11/24 2:48:00 PM,11.2,1.74,11.1,2.01,11.0,2.08,11.1,2.23,11.1,2.15,11.2,1.78,11.2,1.92,
07/11/24 2:48:01 PM,11.2,1.75,11.1,1.93,11.0,2.07,11.1,2.10,11.1,2.32,11.2,1.62,11.2,1.92,
07/11/24 2:48:02 PM,11.2,1.92,11.1,2.28,11.0,2.01,11.1,2.35,11.1,2.65,11.2,1.79,11.2,2.16,
07/11/24 2:48:03 PM,11.2,1.88,11.1,2.10,11.1,1.85,11.1,2.04,11.2,2.46,11.2,1.84,11.2,2.80,
07/11/24 2:48:04 PM,11.2,1.18,11.1,1.77,11.1,1.95,11.1,2.05,11.2,2.51,11.2,1.71,11.2,2.54,
07/11/24 2:48:05 PM,11.2,1.23,11.1,1.68,11.1,2.02,11.2,2.00,11.2,2.25,11.2,1.91,11.2,2.69,
07/11/24 2:48:06 PM,11.2,1.27,11.1,1.83,11.1,1.62,11.2,1.81,11.2,2.00,11.2,1.84,11.2,2.21,
07/11/24 2:48:07 PM,11.2,1.49,11.1,2.06,11.1,1.90,11.2,2.01,11.2,2.49,11.2,2.36,11.2,2.49,
07/11/24 2:48:08 PM,11.2,1.99,11.1,2.29,11.1,2.25,11.2,2.24,11.2,2.64,11.2,2.02,11.2,2.84,
07/11/24 2:48:09 PM,11.2,1.70,11.1,2.18,11.1,2.42,11.2,2.44,11.2,2.75,11.2,1.99,11.2,2.94,
07/11/24 2:48:10 PM,11.2,1.86,11.1,2.10,11.1,2.34,11.2,2.61,11.2,3.01,11.2,2.23,11.2,2.80,
07/11/24 2:48:11 PM,11.2,2.39,11.1,2.59,11.1,2.64,11.1,2.57,11.2,3.07,11.2,2.44,11.2,2.93,
07/11/24 2:48:12 PM,11.2,2.13,11.1,2.46,11.0,2.51,11.1,2.73,11.2,3.44,11.2,2.19,11.2,3.29,
07/11/24 2:48:13 PM,11.2,1.93,11.1,2.42,11.1,2.41,11.1,2.94,11.2,4.12,11.2,2.90,11.2,3.56,
07/11/24 2:48:14 PM,11.2,2.10,11.1,2.60,11.1,2.60,11.1,3.19,11.1,3.62,11.2,2.92,11.2,3.34,
07/11/24 2:48:15 PM,11.2,2.02,11.1,2.49,11.0,2.79,11.1,3.12,11.1,3.50,11.2,2.71,11.2,3.32,
07/11/24 2:48:16 PM,11.2,1.79,11.1,2.01,11.0,2.69,11.1,2.96,11.1,3.16,11.2,2.65,11.2,2.89,
07/11/24 2:48:17 PM,11.2,0.55,11.1,1.74,11.0,1.98,11.1,2.39,11.1,2.63,11.2,2.20,11.2,2.68,
07/11/24 2:48:18 PM,11.2,1.22,11.1,1.98,11.0,2.18,11.1,2.14,11.1,2.25,11.2,2.11,11.2,2.44,
07/11/24 2:48:19 PM,11.2,1.53,11.1,1.71,11.0,1.67,11.1,1.99,11.1,2.42,11.2,2.03,11.2,2.75,
07/11/24 2:48:20 PM,11.2,2.02,11.1,1.95,11.0,2.33,11.1,2.73,11.1,3.23,11.1,2.92,11.2,2.63,
07/11/24 2:48:21 PM,11.2,2.09,11.1,2.47,11.0,2.72,11.1,3.55,11.1,3.96,11.1,2.83,11.2,2.90,
07/11/24 2:48:22 PM,11.2,2.37,11.0,2.73,11.0,2.85,11.1,3.43,11.1,3.88,11.1,2.92,11.2,3.62,
07/11/24 2:48:23 PM,11.2,2.03,11.0,2.49,11.0,2.52,11.1,2.87,11.1,3.34,11.1,2.73,11.2,3.14,
07/11/24 2:48:24 PM,11.2,2.33,11.0,2.71,11.0,2.52,11.1,2.61,11.1,2.83,11.1,2.13,11.2,2.61,
07/11/24 2:48:25 PM,11.2,2.32,11.1,2.01,11.0,2.55,11.1,2.79,11.1,3.09,11.1,2.21,11.2,2.79,
07/11/24 2:48:26 PM,11.2,2.23,11.1,2.72,11.0,2.54,11.1,2.71,11.1,2.97,11.1,2.42,11.2,2.97,
07/11/24 2:48:27 PM,11.2,1.85,11.1,2.69,11.0,2.21,11.1,2.58,11.1,2.97,11.1,2.29,11.2,2.68,
07/11/24 2:48:28 PM,11.2,2.03,11.1,2.45,11.0,2.32,11.1,2.56,11.1,2.84,11.2,2.13,11.2,2.32,
07/11/24 2:48:29 PM,11.2,2.10,11.1,2.79,11.0,2.42,11.1,2.42,11.1,2.37,11.2,1.97,11.2,2.30,
07/11/24 2:48:30 PM,11.2,2.22,11.1,2.61,11.0,2.35,11.1,2.58,11.2,2.85,11.2,1.71,11.2,2.49,
07/11/24 2:48:31 PM,11.2,2.25,11.1,2.67,11.0,2.59,11.1,2.61,11.2,2.76,11.2,1.91,11.2,2.57,
07/11/24 2:48:32 PM,11.2,2.06,11.1,2.36,11.0,2.24,11.1,2.30,11.2,2.37,11.2,2.01,11.2,2.55,
07/11/24 2:48:33 PM,11.2,1.98,11.1,1.94,11.1,2.41,11.1,2.35,11.2,2.60,11.2,1.99,11.2,2.42,
07/11/24 2:48:34 PM,11.2,1.83,11.1,1.93,11.1,2.16,11.2,2.12,11.2,2.38,11.2,1.82,11.2,2.17,
07/11/24 2:48:35 PM,11.2,1.69,11.1,1.96,11.1,1.76,11.1,2.07,11.2,2.33,11.2,1.69,11.2,2.03,
07/11/24 2:48:36 PM,11.2,1.74,11.1,1.93,11.0,1.82,11.1,2.14,11.1,2.47,11.2,1.81,11.2,2.24,
07/11/24 2:48:37 PM,11.2,1.73,11.1,1.72,11.0,1.81,11.1,2.09,11.1,2.42,11.2,1.82,11.2,2.38,
07/11/24 2:48:38 PM,11.2,1.62,11.1,1.64,11.0,1.72,11.1,2.03,11.2,2.56,11.2,1.84,11.2,2.52,
07/11/24 2:48:39 PM,11.2,1.50,11.1,1.66,11.1,1.70,11.1,1.96,11.2,2.48,11.2,1.93,11.2,2.74,
07/11/24 2:48:40 PM,11.2,1.55,11.1,1.67,11.1,1.96,11.1,1.99,11.2,2.40,11.2,1.75,11.2,2.49,
07/11/24 2:48:41 PM,11.2,1.56,11.1,1.93,11.1,1.96,11.2,2.14,11.2,2.54,11.2,1.79,11.2,2.33,
07/11/24 2:48:42 PM,11.2,1.67,11.1,1.78,11.1,2.01,11.1,2.36,11.2,2.71,11.2,1.80,11.2,2.68,
07/11/24 2:48:43 PM,11.2,1.54,11.1,1.85,11.1,2.04,11.1,2.39,11.2,2.75,11.2,2.18,11.2,2.30,
07/11/24 2:48:44 PM,11.2,1.67,11.1,1.40,11.0,1.89,11.1,2.20,11.1,2.62,11.2,1.93,11.2,2.18,
07/11/24 2:48:45 PM,11.2,1.69,11.1,1.77,11.0,1.90,11.1,2.35,11.1,2.56,11.2,1.75,11.2,2.37,
07/11/24 2:48:46 PM,11.2,1.59,11.1,1.85,11.0,1.93,11.1,2.23,11.1,2.38,11.2,1.71,11.2,2.03,
07/11/24 2:48:47 PM,11.2,1.59,11.1,1.74,11.0,1.89,11.1,2.00,11.1,2.02,11.2,1.39,11.2,1.88,
07/11/24 2:48:48 PM,11.2,1.38,11.1,1.52,11.0,1.51,11.1,1.52,11.2,1.80,11.2,1.47,11.2,1.95,
07/11/24 2:48:49 PM,11.2,1.26,11.1,1.44,11.0,1.37,11.1,1.55,11.1,1.69,11.2,1.33,11.2,1.55,
07/11/24 2:48:50 PM,11.2,1.32,11.1,1.53,11.0,1.57,11.1,1.74,11.2,1.82,11.2,1.46,11.2,1.78,
07/11/24 2:48:51 PM,11.2,1.32,11.1,1.46,11.0,1.54,11.1,1.62,11.2,1.83,11.2,1.36,11.2,1.89,
07/11/24 2:48:52 PM,11.2,1.35,11.1,1.46,11.1,1.71,11.1,1.66,11.2,1.87,11.2,1.33,11.2,1.74,
07/11/24 2:48:53 PM,11.2,1.60,11.1,1.22,11.1,1.83,11.2,1.90,11.2,2.22,11.2,1.34,11.2,1.74,
07/11/24 2:48:54 PM,11.2,1.65,11.1,1.02,11.1,1.88,11.2,2.04,11.2,2.41,11.2,1.61,11.2,2.29,
07/11/24 2:48:55 PM,11.2,1.54,11.1,1.27,11.1,1.55,11.2,1.99,11.2,2.14,11.2,1.88,11.2,2.36,
07/11/24 2:48:56 PM,11.2,1.58,11.1,1.55,11.1,1.54,11.2,1.90,11.2,2.22,11.2,1.64,11.2,2.01,
07/11/24 2:48:57 PM,11.2,1.55,11.1,1.79,11.1,1.89,11.2,1.96,11.2,2.10,11.2,1.67,11.2,1.96,
07/11/24 2:48:58 PM,11.2,1.58,11.1,1.74,11.1,1.88,11.2,1.88,11.2,1.89,11.2,1.32,11.2,1.90,
07/11/24 2:48:59 PM,11.2,1.59,11.1,1.94,11.1,1.73,11.2,1.71,11.2,1.90,11.2,1.61,11.2,2.47,
07/11/24 2:49:00 PM,11.2,1.48,11.1,1.77,11.1,1.54,11.2,1.56,11.2,1.81,11.2,1.43,11.2,2.99,
07/11/24 2:49:01 PM,11.2,1.49,11.1,1.96,11.1,1.79,11.2,1.82,11.2,2.37,11.2,1.71,11.2,3.04,
07/11/24 2:49:02 PM,11.2,0.80,11.1,1.82,11.1,2.00,11.2,2.21,11.2,2.56,11.2,2.15,11.2,3.07,
07/11/24 2:49:03 PM,11.2,1.56,11.1,2.56,11.1,2.87,11.1,2.99,11.2,3.18,11.2,1.96,11.2,3.02,
07/11/24 2:49:04 PM,11.2,1.37,11.1,2.86,11.0,3.09,11.1,3.24,11.1,3.31,11.2,2.37,11.2,2.81,
07/11/24 2:49:05 PM,11.2,1.40,11.1,3.01,11.0,3.27,11.1,3.24,11.1,2.98,11.2,2.27,11.2,2.67,
07/11/24 2:49:06 PM,11.2,0.91,11.1,2.52,11.0,2.87,11.1,2.66,11.1,2.79,11.2,1.90,11.2,2.69,
07/11/24 2:49:07 PM,11.2,2.10,11.0,2.57,11.0,2.57,11.1,2.51,11.1,2.65,11.2,1.97,11.2,2.46,
07/11/24 2:49:08 PM,11.2,2.46,11.0,2.47,11.0,2.85,11.1,2.77,11.1,2.81,11.2,1.97,11.2,2.91,
07/11/24 2:49:09 PM,11.2,2.83,11.0,3.39,11.0,2.79,11.1,2.62,11.1,2.82,11.2,2.60,11.2,3.56,
07/11/24 2:49:10 PM,11.2,2.87,11.0,3.16,11.0,2.94,11.1,2.95,11.1,3.55,11.2,2.91,11.2,3.47,
07/11/24 2:49:11 PM,11.2,2.93,11.0,3.26,11.0,3.19,11.1,3.12,11.1,3.48,11.2,2.75,11.2,3.21,
07/11/24 2:49:12 PM,11.2,3.27,11.0,3.58,11.0,3.24,11.1,2.88,11.1,3.31,11.2,2.52,11.2,3.04,
07/11/24 2:49:13 PM,11.2,2.90,11.1,3.34,11.0,3.17,11.1,3.09,11.1,3.17,11.2,2.12,11.2,3.17,
07/11/24 2:49:14 PM,11.2,2.81,11.0,3.17,11.0,3.26,11.1,3.23,11.1,3.35,11.2,2.49,11.2,2.82,
07/11/24 2:49:15 PM,11.2,3.01,11.0,3.79,11.0,3.24,11.1,3.08,11.1,3.34,11.2,2.34,11.2,2.68,
07/11/24 2:49:16 PM,11.2,2.86,11.0,3.43,11.0,3.35,11.1,3.02,11.1,3.36,11.2,2.14,11.2,3.12,
07/11/24 2:49:17 PM,11.2,3.26,11.0,4.16,11.0,3.34,11.1,2.95,11.1,3.18,11.2,2.45,11.2,3.29,
07/11/24 2:49:18 PM,11.2,3.19,11.0,3.27,11.0,3.66,11.1,3.88,11.1,4.47,11.2,2.49,11.2,4.53,
07/11/24 2:49:19 PM,11.2,2.85,11.0,3.40,11.0,3.30,11.1,3.35,11.1,4.15,11.2,3.59,11.2,4.59,
07/11/24 2:49:20 PM,11.2,2.95,11.0,3.63,11.0,3.74,11.1,3.75,11.1,4.29,11.2,3.28,11.1,4.31,
07/11/24 2:49:21 PM,11.1,3.55,11.0,4.22,11.0,4.05,11.1,3.80,11.1,4.18,11.2,3.16,11.1,4.00,
07/11/24 2:49:22 PM,11.1,3.40,11.0,4.01,11.0,3.87,11.1,3.62,11.1,3.99,11.1,3.19,11.1,3.81,
07/11/24 2:49:23 PM,11.1,3.15,11.0,3.44,11.0,3.59,11.1,3.12,11.1,3.33,11.1,2.75,11.1,3.81,
07/11/24 2:49:24 PM,11.1,3.23,11.0,3.62,11.0,3.36,11.1,3.16,11.1,3.82,11.1,2.44,11.1,3.81,
07/11/24 2:49:25 PM,11.1,3.21,11.0,4.06,11.0,3.90,11.1,3.66,11.1,4.05,11.1,2.84,-,-,
07/11/24 2:49:26 PM,11.1,3.03,11.0,3.66,11.0,3.69,11.1,3.35,11.1,3.84,11.1,2.89,-,-,
07/11/24 2:49:27 PM,11.1,2.94,11.0,3.43,11.0,3.51,11.1,3.35,11.1,3.82,11.1,2.85,-,-,
07/11/24 2:49:28 PM,11.1,3.14,11.0,3.34,11.0,3.70,11.1,3.40,11.1,3.96,11.1,2.54,-,-,
07/11/24 2:49:29 PM,11.1,3.24,11.0,3.85,11.0,3.80,11.1,3.50,11.1,3.59,11.1,2.64,-,-,
07/11/24 2:49:30 PM,11.1,2.90,11.0,3.37,11.0,3.50,11.1,3.10,11.1,3.40,11.1,2.52,-,-,
07/11/24 2:49:31 PM,11.1,2.85,11.0,3.23,11.0,3.10,11.1,2.94,11.1,3.21,11.1,2.49,-,-,
07/11/24 2:49:32 PM,11.1,2.56,11.0,2.90,11.0,3.08,11.1,2.96,11.1,3.28,11.1,2.71,11.1,4.46,
07/11/24 2:49:33 PM,11.1,2.74,11.0,3.44,11.0,3.09,11.1,2.78,11.1,3.14,11.1,2.61,11.1,3.64,
07/11/24 2:49:34 PM,11.1,2.79,11.0,2.99,11.0,3.48,11.1,2.98,11.1,3.34,11.1,2.62,11.1,3.51,
07/11/24 2:49:35 PM,11.1,2.55,11.0,2.52,11.0,3.66,11.1,3.45,11.1,3.86,11.1,2.79,11.1,3.70,
07/11/24 2:49:36 PM,11.1,3.43,11.0,3.37,11.0,3.87,11.1,3.34,11.1,3.90,11.1,2.96,11.1,3.84,
07/11/24 2:49:37 PM,11.1,3.38,11.0,3.63,11.0,3.80,11.1,3.57,11.1,3.97,11.1,2.97,11.1,3.86,
07/11/24 2:49:38 PM,11.1,3.78,11.0,3.96,11.0,4.06,11.1,3.56,11.1,3.94,11.1,3.02,11.1,3.80,
07/11/24 2:49:39 PM,11.1,3.73,11.0,4.30,11.0,4.14,11.1,3.62,11.1,3.95,11.1,3.04,11.1,3.76,
07/11/24 2:49:40 PM,11.1,3.40,11.0,3.98,11.0,4.14,11.1,3.59,11.1,3.86,11.1,3.01,11.1,3.80,
07/11/24 2:49:41 PM,11.1,3.88,11.0,4.53,11.0,4.02,11.1,3.46,11.1,3.89,11.1,2.89,11.1,4.06,
07/11/24 2:49:42 PM,11.1,3.69,11.0,5.06,11.0,4.31,11.1,3.73,11.1,4.13,11.1,3.01,11.1,4.13,
07/11/24 2:49:43 PM,11.1,3.32,11.0,4.67,11.0,4.08,11.1,3.54,11.1,3.92,11.1,3.21,11.1,3.89,
07/11/24 2:49:44 PM,11.1,2.71,11.0,3.59,11.0,3.59,11.1,3.31,11.1,3.64,11.1,2.79,11.1,3.57,
07/11/24 2:49:45 PM,11.1,2.91,11.0,3.63,11.0,3.28,11.1,2.95,11.1,3.51,11.1,2.89,11.1,3.90,
07/11/24 2:49:46 PM,11.1,3.00,11.0,3.86,11.0,3.28,11.1,2.90,11.1,3.52,11.1,2.89,11.1,3.69,
07/11/24 2:49:47 PM,11.1,2.77,11.0,3.71,11.0,3.36,11.1,2.93,11.1,3.39,11.1,2.66,11.1,3.75,
07/11/24 2:49:48 PM,11.1,2.61,11.0,3.44,11.0,3.32,11.1,2.98,11.1,3.52,11.1,2.57,11.1,3.37,
07/11/24 2:49:49 PM,11.1,2.82,11.0,3.47,11.0,3.45,11.1,2.93,11.1,3.31,11.1,2.72,11.1,3.37,
07/11/24 2:49:50 PM,11.1,3.04,11.0,4.02,11.0,3.61,11.1,3.01,11.1,3.43,11.1,2.59,11.1,3.20,
07/11/24 2:49:51 PM,11.1,3.28,11.0,4.46,11.0,3.89,11.1,3.21,11.1,3.61,11.1,2.41,11.1,3.20,
07/11/24 2:49:52 PM,11.1,2.84,11.0,3.94,11.0,3.55,11.1,3.13,11.1,3.48,11.1,2.77,11.1,3.04,
07/11/24 2:49:53 PM,11.1,2.72,11.0,3.53,11.0,3.38,11.1,2.95,11.1,3.33,11.1,2.58,11.2,3.29,
07/11/24 2:49:54 PM,11.1,2.70,11.0,3.11,11.0,3.34,11.1,2.90,11.1,3.34,11.1,2.56,11.2,3.24,
07/11/24 2:49:55 PM,11.2,2.69,11.0,3.48,11.0,3.18,11.1,2.75,11.1,3.20,11.1,2.56,11.2,3.10,
07/11/24 2:49:56 PM,11.2,2.84,11.0,3.36,11.0,3.72,11.1,3.15,11.1,3.51,11.1,2.70,11.1,3.26,
07/11/24 2:49:57 PM,11.2,2.51,11.1,2.97,11.0,3.39,11.1,2.91,11.1,3.16,11.1,2.31,11.1,2.87,
07/11/24 2:49:58 PM,11.1,2.70,11.0,3.08,11.0,3.42,11.1,2.88,11.1,3.16,11.1,2.29,11.1,2.67,
07/11/24 2:49:59 PM,11.1,2.64,11.0,2.91,11.0,3.26,11.1,2.88,11.1,3.24,11.1,2.27,11.1,3.09,
07/11/24 2:50:00 PM,11.1,2.73,11.0,3.59,11.0,3.44,11.1,2.95,11.1,3.35,11.1,2.66,11.1,3.36,
07/11/24 2:50:01 PM,11.1,2.90,11.0,3.69,11.0,3.57,11.1,2.88,11.1,3.15,11.1,2.47,11.1,3.24,
07/11/24 2:50:02 PM,11.1,2.99,11.0,4.00,11.0,3.66,11.0,3.09,11.1,3.71,11.1,2.78,11.1,3.25,
07/11/24 2:50:03 PM,11.1,2.91,11.0,3.31,11.0,3.57,11.1,3.07,11.1,3.38,11.1,2.85,11.1,3.16,
07/11/24 2:50:04 PM,11.1,2.64,11.0,3.10,11.0,3.08,11.1,2.86,11.1,2.97,11.1,2.48,11.1,2.88,
07/11/24 2:50:05 PM,11.1,2.44,11.0,3.12,11.0,2.94,11.1,2.70,11.1,2.91,11.1,2.19,11.1,2.90,
07/11/24 2:50:06 PM,11.1,2.47,11.0,3.09,11.0,2.83,11.1,2.55,11.1,2.68,11.1,2.23,11.1,2.67,
07/11/24 2:50:07 PM,11.1,2.06,11.0,2.42,11.0,2.55,11.1,2.09,11.1,2.35,11.1,2.02,11.1,2.32,
07/11/24 2:50:08 PM,11.1,2.00,11.0,2.50,11.0,2.35,11.1,2.31,11.1,2.70,11.1,2.01,11.1,2.49,
07/11/24 2:50:09 PM,11.1,2.11,11.0,2.44,11.0,2.47,11.1,2.28,11.1,2.47,11.1,2.07,11.1,2.75,
07/11/24 2:50:10 PM,11.1,2.01,11.0,2.31,11.0,2.46,11.1,2.01,11.1,2.27,11.1,1.68,11.1,2.42,
07/11/24 2:50:11 PM,11.1,1.94,11.0,2.18,11.0,2.04,11.1,1.95,11.1,2.27,11.1,1.61,11.1,2.70,
07/11/24 2:50:12 PM,11.1,1.75,11.0,1.96,11.0,1.97,11.1,1.75,11.1,2.06,11.1,1.80,11.1,2.81,
07/11/24 2:50:13 PM,11.1,1.75,11.0,2.10,11.0,1.94,11.1,1.82,11.1,2.26,11.1,1.79,11.1,2.85,
07/11/24 2:50:14 PM,11.2,1.94,11.0,1.93,11.0,2.38,11.1,2.25,11.1,2.79,11.1,2.21,11.1,2.92,
07/11/24 2:50:15 PM,11.1,2.33,11.0,2.04,11.0,2.88,11.1,2.68,11.1,2.89,11.1,2.32,11.1,2.83,
07/11/24 2:50:16 PM,11.1,2.75,11.0,2.82,11.0,3.10,11.1,2.76,11.1,3.08,11.1,2.23,11.1,2.89,
07/11/24 2:50:17 PM,11.1,2.75,11.0,3.34,11.0,3.03,11.1,2.64,11.1,2.91,11.1,2.30,11.1,3.22,
07/11/24 2:50:18 PM,11.1,2.56,11.0,3.59,11.0,2.94,11.1,2.72,11.1,3.07,11.1,2.41,11.1,3.43,
07/11/24 2:50:19 PM,11.1,2.74,11.0,3.50,11.0,3.17,11.1,2.90,11.1,3.26,11.1,2.50,11.1,3.60,
07/11/24 2:50:20 PM,11.1,3.18,11.0,4.22,11.0,3.63,11.1,3.28,11.1,3.59,11.1,2.71,11.2,3.66,
07/11/24 2:50:21 PM,11.1,2.99,11.0,3.87,11.0,3.40,11.1,3.29,11.1,3.81,11.1,2.73,11.2,3.34,
07/11/24 2:50:22 PM,11.1,2.63,11.0,3.01,11.0,3.18,11.1,3.08,11.1,3.45,11.1,2.92,11.2,3.34,
07/11/24 2:50:23 PM,11.1,2.65,11.0,2.72,11.0,3.05,11.1,3.15,11.1,3.41,11.1,2.54,11.1,2.80,
07/11/24 2:50:24 PM,11.1,2.97,11.0,2.72,11.0,3.37,11.1,3.30,11.1,3.37,11.1,2.36,11.1,3.30,
07/11/24 2:50:25 PM,11.1,2.98,11.0,3.56,11.0,3.64,11.1,3.52,11.1,3.57,11.1,2.73,11.1,3.59,
07/11/24 2:50:26 PM,11.1,2.56,11.0,2.88,11.0,2.84,11.1,3.02,11.1,3.53,11.1,2.58,11.2,3.16,
07/11/24 2:50:27 PM,11.1,2.75,11.0,3.10,11.0,2.96,11.1,3.29,11.1,3.62,11.1,2.75,11.1,3.62,
07/11/24 2:50:28 PM,11.1,2.57,11.0,2.51,11.0,3.12,11.1,3.08,11.1,3.24,11.1,2.66,11.1,3.72,
07/11/24 2:50:29 PM,11.1,1.91,11.0,2.41,11.0,2.48,11.1,2.73,11.1,3.74,11.1,2.48,11.1,3.71,
07/11/24 2:50:30 PM,11.1,2.38,11.0,2.42,11.0,2.59,11.1,2.56,11.1,3.09,11.1,2.75,11.1,3.70,
07/11/24 2:50:31 PM,11.1,2.78,11.0,2.44,11.0,3.37,11.1,3.36,11.1,3.91,11.1,3.08,11.1,4.19,
07/11/24 2:50:32 PM,11.1,2.92,11.0,3.15,11.0,3.54,11.1,3.54,11.1,3.94,11.1,3.31,11.1,3.99,
07/11/24 2:50:33 PM,11.1,2.52,11.0,3.12,11.0,2.94,11.1,2.81,11.1,3.33,11.1,2.93,11.1,3.47,
07/11/24 2:50:34 PM,11.1,2.52,11.0,3.29,11.0,2.81,11.1,2.76,11.1,3.10,11.1,2.53,11.1,2.47,
07/11/24 2:50:35 PM,11.1,2.53,11.0,2.97,11.0,2.76,11.1,2.68,11.1,2.99,11.1,1.87,11.1,2.27,
07/11/24 2:50:36 PM,11.1,2.46,11.0,2.95,11.0,2.75,11.1,2.33,11.1,2.64,11.1,1.95,11.1,2.87,
07/11/24 2:50:37 PM,11.1,2.54,11.0,2.92,11.0,3.25,11.1,2.95,11.1,3.28,11.1,2.31,11.1,2.88,
07/11/24 2:50:38 PM,11.1,2.56,11.0,3.44,11.0,3.23,11.1,2.97,11.1,3.43,11.1,2.43,11.1,3.64,
07/11/24 2:50:39 PM,11.1,2.64,11.0,2.96,11.0,3.37,11.1,3.03,11.1,3.31,11.1,2.65,11.1,3.76,
07/11/24 2:50:40 PM,11.1,2.73,11.0,2.73,11.0,3.46,11.1,3.28,11.1,3.88,11.1,2.87,11.1,4.13,
07/11/24 2:50:41 PM,11.1,3.17,11.0,3.56,11.0,4.07,11.1,3.68,11.1,4.17,11.1,3.09,11.1,3.78,
07/11/24 2:50:42 PM,11.1,3.21,11.0,4.41,11.0,3.96,11.1,3.51,11.1,3.73,11.1,3.29,11.1,3.71,
07/11/24 2:50:43 PM,11.1,2.90,11.0,3.93,11.0,3.74,11.1,3.09,11.1,3.50,11.1,2.77,11.1,3.58,
07/11/24 2:50:44 PM,11.1,2.84,11.0,3.55,11.0,3.90,11.1,3.26,11.1,3.60,11.1,2.82,11.1,3.68,
07/11/24 2:50:45 PM,11.1,2.88,11.0,3.39,11.0,4.05,11.1,3.59,11.1,4.01,11.1,2.97,11.1,3.70,
07/11/24 2:50:46 PM,11.1,2.73,11.0,3.61,11.0,3.70,11.1,3.31,11.1,3.71,11.1,2.76,11.1,3.84,
07/11/24 2:50:47 PM,11.1,2.64,11.0,2.91,11.0,3.78,11.1,3.24,11.1,4.00,11.1,3.14,11.2,4.03,
07/11/24 2:50:48 PM,11.1,3.31,11.0,4.10,11.0,4.45,11.1,3.64,11.1,4.21,11.1,3.11,11.2,4.30,
07/11/24 2:50:49 PM,11.1,3.74,11.0,4.92,11.0,4.95,11.1,3.90,11.1,4.05,11.1,2.79,11.2,4.18,
07/11/24 2:50:50 PM,11.1,3.55,11.0,5.02,11.0,4.33,11.1,3.96,11.1,4.23,11.1,3.38,11.2,3.89,
07/11/24 2:50:51 PM,11.1,3.54,11.0,4.54,11.0,4.10,11.1,3.69,11.1,3.84,11.1,2.86,11.2,3.40,
07/11/24 2:50:52 PM,11.1,2.90,11.0,3.61,11.0,3.54,11.1,3.63,11.1,3.63,11.1,2.78,11.2,3.02,
07/11/24 2:50:53 PM,11.1,2.79,11.0,3.66,11.0,3.33,11.1,2.99,11.1,3.42,11.1,2.41,11.2,2.43,
07/11/24 2:50:54 PM,11.1,2.85,11.0,3.49,11.0,3.22,11.1,3.02,11.1,3.19,11.1,2.45,11.2,2.77,
07/11/24 2:50:55 PM,11.1,2.56,11.0,3.38,11.0,2.89,11.1,2.86,11.1,3.01,11.1,2.38,11.2,2.99,
07/11/24 2:50:56 PM,11.1,2.82,11.0,3.47,11.0,3.07,11.1,3.00,11.1,2.91,11.1,2.13,11.2,3.08,
07/11/24 2:50:57 PM,11.1,2.59,11.0,2.96,11.0,3.21,11.1,3.31,11.1,3.57,11.1,2.74,11.1,3.67,
07/11/24 2:50:58 PM,11.1,2.49,11.0,2.72,11.0,3.33,11.1,3.02,11.1,2.96,11.1,2.08,11.1,2.93,
07/11/24 2:50:59 PM,11.1,2.26,11.0,2.72,11.0,2.63,11.1,2.97,11.1,3.12,11.1,2.45,11.1,3.13,
07/11/24 2:51:00 PM,11.1,3.29,11.0,2.70,11.0,3.38,11.1,3.54,11.1,3.66,11.1,2.34,11.1,3.41,
07/11/24 2:51:01 PM,11.1,3.24,11.0,3.54,11.0,3.49,11.1,3.56,11.1,3.67,11.1,2.78,11.1,3.72,
07/11/24 2:51:02 PM,11.1,2.83,11.0,3.02,11.0,3.27,11.1,3.36,11.1,3.57,11.1,2.91,11.1,3.67,
07/11/24 2:51:03 PM,11.1,2.82,11.0,2.59,11.0,3.90,11.1,3.95,11.1,4.11,11.1,2.93,11.1,3.92,
07/11/24 2:51:04 PM,11.1,2.57,11.0,2.67,11.0,3.38,11.1,3.14,11.1,3.49,11.1,3.01,11.1,3.89,
07/11/24 2:51:05 PM,11.1,1.99,11.0,2.00,11.0,2.36,11.1,2.62,11.1,2.91,11.1,2.83,11.1,3.13,
07/11/24 2:51:06 PM,11.1,2.34,11.0,2.36,11.0,2.52,11.1,2.40,11.1,2.71,11.1,2.12,11.1,2.57,
07/11/24 2:51:07 PM,11.1,2.33,11.0,2.68,11.0,2.61,11.1,2.37,11.1,2.80,11.1,1.89,11.1,2.70,
07/11/24 2:51:08 PM,11.1,2.37,11.0,2.52,11.0,2.91,11.1,2.82,11.1,3.12,11.1,2.50,11.1,2.97,
07/11/24 2:51:09 PM,11.1,2.47,11.0,2.71,11.0,2.95,11.1,2.73,11.1,2.71,11.1,1.99,11.1,3.11,
07/11/24 2:51:10 PM,11.1,2.46,11.0,2.94,11.0,2.87,11.1,2.65,11.1,2.83,11.1,2.12,11.1,2.69,
07/11/24 2:51:11 PM,11.1,2.05,11.0,2.52,11.0,2.55,11.1,2.23,11.1,2.60,11.1,2.13,11.2,2.75,
07/11/24 2:51:12 PM,11.1,2.13,11.0,2.41,11.0,2.64,11.1,2.43,11.1,2.66,11.1,2.12,11.2,2.42,
07/11/24 2:51:13 PM,11.1,1.88,11.0,2.62,11.0,2.30,11.1,2.30,11.1,2.65,11.1,1.93,11.2,2.73,
07/11/24 2:51:14 PM,11.1,2.06,11.0,2.45,11.0,2.84,11.1,2.71,11.1,3.00,11.1,2.50,11.2,2.82,
07/11/24 2:51:15 PM,11.1,2.29,11.0,2.54,11.0,3.01,11.1,2.79,11.1,2.89,11.1,2.33,11.2,2.83,
07/11/24 2:51:16 PM,11.1,2.26,11.0,2.82,11.0,3.11,11.1,2.83,11.1,2.96,11.1,2.23,11.2,2.78,
07/11/24 2:51:17 PM,11.1,2.41,11.0,3.44,11.0,2.94,11.1,2.54,11.1,2.77,11.1,2.25,11.2,2.78,
07/11/24 2:51:18 PM,11.1,2.63,11.0,3.50,11.0,3.37,11.1,2.98,11.1,3.21,11.1,2.23,11.1,3.06,
07/11/24 2:51:19 PM,11.1,2.65,11.0,3.12,11.0,3.52,11.1,3.34,11.1,3.54,11.1,2.49,11.1,3.09,
07/11/24 2:51:20 PM,11.1,2.49,11.0,3.02,11.0,3.59,11.1,3.07,11.1,3.41,11.1,2.64,11.1,3.27,
07/11/24 2:51:21 PM,11.1,2.08,11.0,2.33,11.0,3.19,11.1,2.83,11.1,3.34,11.1,2.71,11.1,3.52,
07/11/24 2:51:22 PM,11.1,2.43,11.0,2.81,11.0,3.20,11.1,2.83,11.1,3.20,11.1,2.45,11.1,2.86,
07/11/24 2:51:23 PM,11.1,2.45,11.0,3.32,11.0,3.03,11.1,2.67,11.1,2.97,11.1,2.34,11.1,2.96,
07/11/24 2:51:24 PM,11.1,2.25,11.0,3.23,11.0,2.88,11.1,2.57,11.1,2.83,11.1,2.22,11.1,2.87,
07/11/24 2:51:25 PM,11.1,2.07,11.0,2.96,11.0,2.79,11.1,2.64,11.1,2.86,11.1,2.15,11.2,2.84,
07/11/24 2:51:26 PM,11.1,2.09,11.0,2.74,11.0,2.77,11.1,2.53,11.1,2.77,11.1,2.07,11.2,2.76,
07/11/24 2:51:27 PM,11.1,2.40,11.0,2.57,11.0,2.91,11.1,2.81,11.1,2.98,11.1,2.06,11.2,2.92,
07/11/24 2:51:28 PM,11.1,2.71,11.0,3.23,11.0,3.36,11.1,3.02,11.1,3.41,11.1,2.27,11.2,3.17,
07/11/24 2:51:29 PM,11.1,2.62,11.0,2.99,11.0,3.25,11.1,3.01,11.1,3.51,11.1,2.58,11.2,3.66,
07/11/24 2:51:30 PM,11.1,2.62,11.0,2.93,11.0,3.46,11.1,3.13,11.1,3.63,11.1,2.72,11.2,3.51,
07/11/24 2:51:31 PM,11.1,2.58,11.0,3.09,11.0,3.55,11.1,3.39,11.1,3.97,11.1,2.88,11.1,3.83,
07/11/24 2:51:32 PM,11.1,3.29,11.0,5.46,11.0,4.10,11.1,3.03,11.1,3.68,11.1,3.05,11.1,3.79,
07/11/24 2:51:33 PM,11.1,3.97,11.0,5.91,11.0,5.12,11.1,4.40,11.1,4.46,11.1,3.50,11.1,4.27,
07/11/24 2:51:34 PM,11.1,3.49,11.0,5.18,11.0,4.73,11.1,4.08,11.1,4.48,11.1,3.39,11.1,4.10,
07/11/24 2:51:35 PM,11.1,3.54,11.0,4.96,11.0,4.77,11.1,4.18,11.1,4.53,11.1,3.28,11.1,4.28,
07/11/24 2:51:36 PM,11.1,3.44,11.0,4.46,11.0,4.63,11.1,4.03,11.1,4.52,11.1,3.38,11.1,4.49,
07/11/24 2:51:37 PM,11.1,3.31,11.0,3.91,11.0,4.29,11.1,3.93,11.1,4.29,11.1,3.16,11.1,4.05,
07/11/24 2:51:38 PM,11.1,3.36,11.0,4.37,11.0,4.38,11.1,3.80,11.1,3.87,11.1,3.32,11.1,3.63,
07/11/24 2:51:39 PM,11.1,3.23,11.0,4.78,11.0,4.13,11.1,3.75,11.1,3.98,11.1,2.95,11.1,3.89,
07/11/24 2:51:40 PM,11.1,3.50,11.0,5.36,11.0,4.68,11.1,4.12,11.1,4.55,11.1,2.94,11.1,3.82,
07/11/24 2:51:41 PM,11.1,3.54,11.0,4.98,11.0,4.59,11.1,4.04,11.1,4.64,11.1,3.55,11.1,4.03,
07/11/24 2:51:42 PM,11.1,3.48,11.0,5.49,11.0,4.47,11.1,3.84,11.1,3.93,11.1,3.28,11.1,3.99,
07/11/24 2:51:43 PM,11.1,2.94,11.0,4.77,11.0,4.02,11.1,3.58,11.1,3.94,11.1,2.99,11.1,3.96,
07/11/24 2:51:44 PM,11.1,2.48,11.0,4.62,11.0,3.63,11.1,3.16,11.2,3.52,11.1,2.82,11.1,3.78,
07/11/24 2:51:45 PM,11.1,2.35,11.0,4.14,11.0,3.43,11.1,3.24,11.1,3.59,11.1,2.88,11.1,3.93,
07/11/24 2:51:46 PM,11.1,1.99,11.0,2.84,11.0,2.76,11.1,2.63,11.1,3.01,11.1,2.34,11.1,3.59,
07/11/24 2:51:47 PM,11.1,1.91,11.0,2.49,11.0,2.83,11.1,2.66,11.1,3.21,11.1,2.55,11.1,3.15,
07/11/24 2:51:48 PM,11.1,2.03,11.0,3.44,11.0,3.01,11.1,2.64,11.1,2.90,11.1,2.35,11.1,2.99,
07/11/24 2:51:49 PM,11.1,1.96,11.0,2.99,11.0,2.73,11.1,2.70,11.1,2.96,11.1,2.44,11.2,3.07,
07/11/24 2:51:50 PM,11.1,2.80,11.0,3.44,11.0,3.89,11.1,3.38,11.1,3.69,11.1,2.82,11.1,3.57,
07/11/24 2:51:51 PM,11.1,2.85,11.0,3.83,11.0,3.97,11.1,3.52,11.1,3.92,11.1,2.94,11.1,3.85,
07/11/24 2:51:52 PM,11.1,1.99,11.0,3.42,11.0,3.40,11.1,3.15,11.1,3.83,11.1,2.99,11.1,3.66,
07/11/24 2:51:53 PM,11.1,2.53,11.0,3.27,11.0,4.01,11.1,3.39,11.1,3.87,11.1,2.81,11.1,3.81,
07/11/24 2:51:54 PM,11.1,2.81,11.0,3.89,11.0,4.27,11.1,3.60,11.1,4.05,11.1,3.02,11.1,3.95,
07/11/24 2:51:55 PM,11.1,3.20,11.0,3.93,11.0,4.49,11.1,4.06,11.1,4.52,11.1,3.04,11.1,4.20,
07/11/24 2:51:56 PM,11.1,3.34,11.0,4.27,11.0,4.36,11.1,3.92,11.1,4.35,11.1,3.32,11.1,4.17,
07/11/24 2:51:57 PM,11.1,2.75,11.0,4.25,11.0,3.92,11.1,3.46,11.1,3.80,11.1,2.95,11.1,3.77,
07/11/24 2:51:58 PM,11.1,2.84,11.0,4.21,11.0,4.12,11.1,3.52,11.1,3.83,11.1,2.90,11.1,3.70,
07/11/24 2:51:59 PM,11.1,2.86,11.0,4.38,11.0,3.93,11.1,3.47,11.1,3.75,11.1,2.84,11.1,3.57,
07/11/24 2:52:00 PM,11.1,2.83,11.0,4.00,11.0,3.74,11.1,3.25,11.1,3.61,11.1,2.76,11.1,3.37,
07/11/24 2:52:01 PM,11.1,2.73,11.0,3.80,11.0,3.58,11.1,3.13,11.1,3.35,11.1,2.64,11.1,3.45,
07/11/24 2:52:02 PM,11.1,2.56,11.0,3.74,11.0,3.49,11.1,2.99,11.1,3.46,11.1,2.56,11.1,3.20,
07/11/24 2:52:03 PM,11.1,2.81,11.0,3.99,11.0,3.85,11.1,3.21,11.1,3.62,11.1,2.60,11.1,3.49,
07/11/24 2:52:04 PM,11.1,2.72,11.0,4.30,11.0,3.89,11.1,3.47,11.1,3.78,11.1,2.77,11.1,3.53,
07/11/24 2:52:05 PM,11.1,2.62,11.0,3.86,11.0,3.63,11.1,3.30,11.1,3.61,11.1,2.72,11.1,3.22,
07/11/24 2:52:06 PM,11.1,2.49,11.0,3.73,11.0,3.43,11.1,3.13,11.1,3.51,11.1,2.57,11.1,3.11,
07/11/24 2:52:07 PM,11.1,2.47,11.0,3.47,11.0,3.48,11.1,2.95,11.1,3.17,11.1,2.62,11.1,2.81,
07/11/24 2:52:08 PM,11.1,2.39,11.0,3.29,11.0,3.49,11.1,2.94,11.1,3.18,11.1,2.17,11.2,2.85,
07/11/24 2:52:09 PM,11.1,2.29,11.0,3.67,11.0,3.05,11.1,2.69,11.1,2.87,11.1,2.25,11.2,2.88,
07/11/24 2:52:10 PM,11.1,2.21,11.0,3.58,11.0,2.93,11.1,2.69,11.1,2.87,11.1,2.01,11.2,2.65,
07/11/24 2:52:11 PM,11.1,2.00,11.0,3.26,11.0,2.87,11.1,2.62,11.1,2.79,11.1,2.09,11.2,2.66,
07/11/24 2:52:12 PM,11.1,2.07,11.0,2.94,11.0,2.71,11.1,2.66,11.1,2.98,11.1,2.38,11.2,2.86,
07/11/24 2:52:13 PM,11.1,2.08,11.0,2.67,11.0,2.88,11.1,2.62,11.1,2.87,11.1,2.07,11.2,2.74,
07/11/24 2:52:14 PM,11.1,2.31,11.0,3.04,11.0,2.91,11.1,2.48,11.1,2.70,11.2,2.13,11.2,2.90,
07/11/24 2:52:15 PM,11.1,2.46,11.0,3.19,11.0,3.35,11.1,2.83,11.1,3.06,11.2,2.21,11.2,2.93,
07/11/24 2:52:16 PM,11.1,2.51,11.0,2.92,11.0,3.20,11.1,2.86,11.1,3.08,11.2,2.27,11.2,3.05,
07/11/24 2:52:17 PM,11.1,2.44,11.0,3.07,11.0,3.10,11.1,2.83,11.1,3.01,11.2,2.21,11.2,2.95,
07/11/24 2:52:18 PM,11.1,2.22,11.0,3.28,11.0,3.16,11.1,2.98,11.1,3.30,11.2,2.31,11.2,3.07,
07/11/24 2:52:19 PM,11.1,2.39,11.0,2.94,11.0,3.11,11.1,2.87,11.1,3.16,11.1,2.39,11.2,3.04,
07/11/24 2:52:20 PM,11.1,2.32,11.0,3.34,11.0,2.91,11.1,2.68,11.1,2.97,11.1,2.38,11.2,2.78,
07/11/24 2:52:21 PM,11.1,2.42,11.0,3.27,11.0,2.97,11.1,2.65,11.1,2.80,11.2,2.17,11.2,3.06,
07/11/24 2:52:22 PM,11.1,2.33,11.0,3.19,11.0,3.42,11.1,3.05,11.1,3.41,11.2,2.55,11.2,3.26,
07/11/24 2:52:23 PM,11.1,2.37,11.0,2.89,11.0,3.00,11.1,2.86,11.2,3.25,11.2,2.40,11.2,2.79,
07/11/24 2:52:24 PM,11.2,1.91,11.0,2.86,11.0,2.49,11.1,2.40,11.2,2.75,11.2,2.17,11.2,2.88,
07/11/24 2:52:25 PM,11.2,1.43,11.0,2.57,11.0,2.49,11.1,2.13,11.2,2.65,11.2,2.07,11.2,2.78,
07/11/24 2:52:26 PM,11.2,1.74,11.0,2.17,11.0,2.71,11.1,2.41,11.2,2.69,11.2,2.20,11.2,2.72,
07/11/24 2:52:27 PM,11.1,1.83,11.0,2.94,11.0,3.05,11.1,2.69,11.1,2.99,11.2,2.24,11.2,3.00,
07/11/24 2:52:28 PM,11.2,2.22,11.0,2.69,11.0,3.07,11.1,2.93,11.1,3.19,11.2,2.24,11.2,2.85,
07/11/24 2:52:29 PM,11.1,2.12,11.0,2.77,11.0,3.05,11.1,2.80,11.1,3.04,11.2,2.24,11.2,3.09,
07/11/24 2:52:30 PM,11.1,1.70,11.0,2.44,11.0,2.29,11.1,2.29,11.1,2.66,11.2,2.47,11.2,3.06,
07/11/24 2:52:31 PM,11.2,2.00,11.0,2.37,11.0,2.84,11.1,2.70,11.1,2.92,11.2,2.45,11.2,2.86,
07/11/24 2:52:32 PM,11.2,1.99,11.0,2.56,11.0,2.56,11.1,2.72,11.1,2.87,11.2,2.01,11.2,2.73,
07/11/24 2:52:33 PM,11.2,1.89,11.1,2.06,11.0,2.79,11.1,2.62,11.1,2.73,11.2,1.92,11.2,2.94,
07/11/24 2:52:34 PM,11.2,1.96,11.0,2.83,11.0,2.63,11.1,2.42,11.2,2.74,11.2,2.24,11.2,2.91,
07/11/24 2:52:35 PM,11.2,2.00,11.0,2.99,11.0,2.78,11.1,2.54,11.2,2.66,11.2,2.13,11.2,2.88,
07/11/24 2:52:36 PM,11.1,2.07,11.0,2.93,11.0,2.92,11.1,2.66,11.2,2.89,11.2,2.30,11.2,2.79,
07/11/24 2:52:37 PM,11.1,1.96,11.0,2.80,11.0,2.87,11.1,2.65,11.1,3.01,11.2,2.18,11.2,2.82,
07/11/24 2:52:38 PM,11.1,2.26,11.0,3.17,11.0,3.21,11.1,2.79,11.1,2.96,11.2,2.32,11.2,2.61,
07/11/24 2:52:39 PM,11.1,2.11,11.0,2.92,11.0,3.10,11.1,2.82,11.1,3.00,11.2,2.05,11.2,2.70,
07/11/24 2:52:40 PM,11.1,2.22,11.0,3.13,11.0,2.98,11.1,2.82,11.1,3.22,11.2,2.29,11.2,2.54,
07/11/24 2:52:41 PM,11.1,2.20,11.0,3.13,11.0,2.94,11.1,2.69,11.1,2.90,11.2,2.32,11.2,2.85,
07/11/24 2:52:42 PM,11.1,2.13,11.0,2.67,11.0,2.78,11.1,2.69,11.1,2.83,11.2,2.01,11.2,2.89,
07/11/24 2:52:43 PM,11.1,2.14,11.0,2.56,11.0,2.94,11.1,2.61,11.1,2.86,11.2,2.20,11.2,2.87,
07/11/24 2:52:44 PM,11.1,2.36,11.0,3.12,11.0,3.08,11.1,2.71,11.1,2.77,11.2,1.93,11.2,2.77,
07/11/24 2:52:45 PM,11.2,1.95,11.1,2.92,11.0,2.73,11.1,2.81,11.2,3.22,11.2,2.49,11.2,2.86,
07/11/24 2:52:46 PM,11.2,1.89,11.1,3.15,11.0,2.81,11.1,2.87,11.2,3.23,11.2,2.44,11.2,2.98,
07/11/24 2:52:47 PM,11.2,2.17,11.1,2.62,11.0,2.57,11.1,2.81,11.2,3.07,11.2,2.40,11.2,2.95,
07/11/24 2:52:48 PM,11.2,1.88,11.1,2.24,11.0,2.35,11.1,2.72,11.1,2.87,11.2,2.22,11.2,2.81,
07/11/24 2:52:49 PM,11.2,1.86,11.1,2.28,11.0,2.09,11.1,2.26,11.1,2.56,11.2,1.99,11.2,2.53,
07/11/24 2:52:50 PM,11.2,1.95,11.1,2.61,11.1,2.04,11.1,1.97,11.2,2.59,11.2,2.00,11.2,2.72,
07/11/24 2:52:51 PM,11.2,1.96,11.1,2.39,11.0,2.27,11.1,2.28,11.2,2.65,11.2,2.06,11.2,2.59,
07/11/24 2:52:52 PM,11.2,1.85,11.0,2.26,11.0,2.10,11.1,2.23,11.1,2.57,11.2,2.00,11.2,2.58,
07/11/24 2:52:53 PM,11.2,1.86,11.1,2.18,11.0,2.25,11.1,2.33,11.1,2.75,11.2,2.04,11.2,2.85,
07/11/24 2:52:54 PM,11.2,1.68,11.1,2.10,11.0,2.19,11.1,2.39,11.2,2.68,11.2,2.14,11.2,2.40,
07/11/24 2:52:55 PM,11.2,1.83,11.1,1.97,11.0,2.23,11.1,2.20,11.2,2.16,11.2,2.13,11.2,2.20,
07/11/24 2:52:56 PM,11.2,1.69,11.1,1.98,11.1,1.93,11.2,1.86,11.2,1.96,11.2,1.48,11.2,2.33,
07/11/24 2:52:57 PM,11.2,1.63,11.1,1.92,11.1,2.22,11.2,1.93,11.2,2.09,11.2,1.94,11.2,2.24,
07/11/24 2:52:58 PM,11.2,1.34,11.1,1.64,11.1,0.54,11.2,1.55,11.2,1.30,11.2,1.46,11.2,1.14,
07/11/24 2:52:59 PM,11.2,1.10,11.1,1.71,11.1,1.55,11.2,1.79,11.2,2.07,11.2,1.41,11.2,1.54,
07/11/24 2:53:00 PM,11.2,1.17,11.1,1.39,11.1,1.42,11.2,1.68,11.2,2.07,11.2,2.03,11.2,2.03,
07/11/24 2:53:01 PM,11.2,1.43,11.1,1.81,11.1,1.68,11.2,1.77,11.2,2.07,11.2,1.84,11.2,2.13,
07/11/24 2:53:02 PM,11.2,1.84,11.1,2.08,11.1,1.87,11.2,1.75,11.2,1.99,11.2,1.69,11.2,1.87,
07/11/24 2:53:03 PM,11.2,1.88,11.1,2.08,11.1,2.09,11.2,1.83,11.2,1.97,11.2,1.54,11.2,1.73,
07/11/24 2:53:04 PM,11.2,1.78,11.1,2.02,11.1,2.07,11.2,1.69,11.2,1.73,11.2,1.40,11.2,1.79,
07/11/24 2:53:05 PM,11.2,1.76,11.1,1.96,11.1,1.87,11.2,1.72,11.2,1.99,11.2,1.54,11.2,1.92,
07/11/24 2:53:06 PM,11.2,1.82,11.1,1.77,11.1,1.86,11.2,1.71,11.2,1.96,11.2,1.54,11.2,2.05,
07/11/24 2:53:07 PM,11.2,1.69,11.1,1.64,11.1,1.60,11.2,1.52,11.2,1.76,11.2,1.60,11.2,1.95,
07/11/24 2:53:08 PM,11.2,1.59,11.1,1.74,11.1,1.76,11.2,1.46,11.2,1.76,11.2,1.72,11.2,2.28,
07/11/24 2:53:09 PM,11.2,1.50,11.1,1.34,11.1,1.84,11.1,1.89,11.2,2.07,11.2,1.77,11.2,2.36,
07/11/24 2:53:10 PM,11.2,1.57,11.1,1.53,11.0,1.78,11.1,1.82,11.2,2.08,11.2,1.75,11.2,2.11,
07/11/24 2:53:11 PM,11.2,1.42,11.1,1.52,11.1,1.73,11.1,1.82,11.2,2.13,11.2,1.65,11.2,2.10,
07/11/24 2:53:12 PM,11.2,1.44,11.1,1.79,11.1,1.43,11.2,1.78,11.2,1.97,11.2,1.59,11.2,1.73,
07/11/24 2:53:13 PM,11.2,1.42,11.1,1.67,11.1,1.35,11.2,1.38,11.2,1.48,11.2,1.22,11.2,1.76,
07/11/24 2:53:14 PM,11.2,1.37,11.1,1.42,11.1,1.47,11.2,1.43,11.2,1.55,11.2,1.09,11.2,1.23,
07/11/24 2:53:15 PM,11.2,1.37,11.1,1.55,11.1,1.33,11.2,1.28,11.2,1.42,11.2,1.00,11.2,1.39,
07/11/24 2:53:16 PM,11.2,1.48,11.1,1.78,11.1,1.43,11.2,1.31,11.2,1.48,11.2,0.99,11.2,1.39,
07/11/24 2:53:17 PM,11.2,1.57,11.1,1.92,11.1,1.82,11.2,1.63,11.2,1.79,11.2,1.22,11.2,1.48,
07/11/24 2:53:18 PM,11.2,1.57,11.1,1.83,11.1,1.86,11.2,1.89,11.2,2.04,11.2,1.36,11.2,1.85,
07/11/24 2:53:19 PM,11.2,1.69,11.1,1.78,11.1,1.57,11.2,1.53,11.2,1.77,11.2,1.41,11.2,1.93,
07/11/24 2:53:20 PM,11.2,1.64,11.1,1.52,11.1,1.45,11.2,1.28,11.2,1.56,11.2,1.50,11.2,2.03,
07/11/24 2:53:21 PM,11.2,1.73,11.1,1.60,11.1,1.62,11.2,1.47,11.2,1.72,11.2,1.64,11.2,2.11,
07/11/24 2:53:22 PM,11.2,1.64,11.1,1.44,11.1,1.50,11.2,1.45,11.2,1.77,11.2,1.54,11.2,1.92,
07/11/24 2:53:23 PM,11.2,1.80,11.1,1.62,11.1,1.81,11.2,1.52,11.2,1.81,11.2,1.59,11.2,2.22,
07/11/24 2:53:24 PM,11.2,2.10,11.1,1.98,11.1,2.39,11.2,2.11,11.2,2.32,11.2,1.64,11.3,2.26,
07/11/24 2:53:25 PM,11.2,2.06,11.1,2.01,11.1,2.26,11.2,2.26,11.2,2.48,11.2,1.84,11.2,2.35,
07/11/24 2:53:26 PM,11.2,1.97,11.1,1.88,11.1,2.18,11.2,2.20,11.2,2.47,11.2,1.89,11.3,2.51,
07/11/24 2:53:27 PM,11.2,1.84,11.1,1.98,11.1,2.30,11.2,2.15,11.2,2.57,11.2,1.98,11.2,2.46,
07/11/24 2:53:28 PM,11.2,1.93,11.1,2.08,11.1,2.45,11.2,2.20,11.2,2.49,11.2,1.94,11.2,2.38,
07/11/24 2:53:29 PM,11.2,2.15,11.1,2.22,11.1,2.26,11.2,1.99,11.2,2.32,11.2,1.89,11.2,2.20,
07/11/24 2:53:30 PM,11.2,2.10,11.1,2.16,11.1,2.33,11.2,1.96,11.2,2.31,11.2,1.74,11.2,2.28,
07/11/24 2:53:31 PM,11.2,1.98,11.1,2.09,11.1,2.18,11.2,2.13,11.2,2.38,11.2,1.76,11.2,2.31,
07/11/24 2:53:32 PM,11.2,2.03,11.1,2.11,11.1,2.42,11.1,2.28,11.2,2.49,11.2,1.77,11.2,2.09,
07/11/24 2:53:33 PM,11.2,2.12,11.1,1.73,11.1,2.32,11.2,2.20,11.2,2.41,11.2,1.78,11.2,2.06,
07/11/24 2:53:34 PM,11.2,1.85,11.1,1.87,11.1,2.05,11.2,2.01,11.2,2.39,11.2,1.80,11.2,2.16,
07/11/24 2:53:35 PM,11.2,1.94,11.1,1.91,11.1,2.05,11.2,1.95,11.2,2.15,11.2,1.68,11.2,1.97,
07/11/24 2:53:36 PM,11.2,1.86,11.1,1.76,11.1,1.92,11.2,1.85,11.2,2.09,11.2,1.68,11.2,1.97,
07/11/24 2:53:37 PM,11.2,1.76,11.1,1.76,11.1,1.91,11.2,1.74,11.2,1.97,11.2,1.54,11.2,1.93,
07/11/24 2:53:38 PM,11.2,1.66,11.1,1.68,11.1,2.10,11.2,1.95,11.2,2.12,11.2,1.44,11.2,2.12,
07/11/24 2:53:39 PM,11.2,1.73,11.1,1.53,11.1,2.14,11.2,1.90,11.2,2.17,11.2,1.69,11.2,2.09,
07/11/24 2:53:40 PM,11.2,1.85,11.1,2.04,11.1,2.09,11.2,2.02,11.2,2.12,11.2,1.72,11.2,1.99,
07/11/24 2:53:41 PM,11.2,1.90,11.1,2.22,11.1,1.98,11.2,1.92,11.2,2.06,11.2,1.48,11.2,2.08,
07/11/24 2:53:42 PM,11.2,1.87,11.1,2.17,11.1,2.04,11.2,1.96,11.2,2.16,11.2,1.49,11.2,2.27,
07/11/24 2:53:43 PM,11.2,1.97,11.1,2.19,11.1,2.15,11.2,1.92,11.2,2.16,11.2,1.72,11.2,2.28,
07/11/24 2:53:44 PM,11.2,1.95,11.1,2.28,11.1,2.21,11.2,2.08,11.2,2.26,11.2,1.57,11.2,2.17,
07/11/24 2:53:45 PM,11.2,1.95,11.1,2.26,11.1,2.27,11.2,2.09,11.2,2.33,11.2,1.68,11.2,2.28,
07/11/24 2:53:46 PM,11.2,1.84,11.1,2.02,11.1,2.17,11.2,2.08,11.2,2.34,11.2,1.68,11.2,2.30,
07/11/24 2:53:47 PM,11.2,1.81,11.1,2.11,11.1,2.19,11.2,2.10,11.2,2.38,11.2,1.70,11.2,2.24,
07/11/24 2:53:48 PM,11.2,1.76,11.1,1.92,11.1,2.16,11.2,2.27,11.2,2.59,11.2,1.77,11.2,1.99,
07/11/24 2:53:49 PM,11.2,1.70,11.1,2.04,11.1,1.96,11.2,2.06,11.2,2.30,11.2,1.61,11.2,1.98,
07/11/24 2:53:50 PM,11.2,1.75,11.1,1.73,11.1,1.99,11.2,2.02,11.2,2.24,11.2,1.61,11.2,2.19,
07/11/24 2:53:51 PM,11.2,1.79,11.1,2.07,11.1,1.97,11.2,1.83,11.2,1.98,11.2,1.58,11.2,2.18,
07/11/24 2:53:52 PM,11.2,1.86,11.1,2.19,11.1,2.11,11.2,1.96,11.2,2.23,11.2,1.61,11.2,2.10,
07/11/24 2:53:53 PM,11.2,2.04,11.1,1.96,11.1,2.27,11.2,2.14,11.2,2.49,11.2,1.72,11.2,2.62,
07/11/24 2:53:54 PM,11.2,2.45,11.1,2.48,11.1,2.80,11.2,2.39,11.2,2.66,11.2,2.05,11.2,2.65,
07/11/24 2:53:55 PM,11.2,2.47,11.1,2.90,11.1,2.67,11.2,2.57,11.2,2.74,11.2,1.85,11.2,2.97,
07/11/24 2:53:56 PM,11.2,2.64,11.1,2.92,11.1,2.91,11.2,2.63,11.2,2.83,11.2,2.10,11.2,2.77,
07/11/24 2:53:57 PM,11.2,2.38,11.1,2.81,11.1,2.71,11.2,2.62,11.2,2.93,11.2,2.12,11.2,2.62,
07/11/24 2:53:58 PM,11.2,2.38,11.1,2.30,11.1,2.20,11.2,2.21,11.2,2.48,11.2,2.01,11.2,3.18,
07/11/24 2:53:59 PM,11.2,1.76,11.1,2.21,11.1,1.91,11.1,2.26,11.2,2.72,11.2,2.03,11.2,3.33,
07/11/24 2:54:00 PM,11.2,1.44,11.1,1.58,11.1,1.80,11.1,1.98,11.2,2.36,11.2,2.05,11.2,3.27,
07/11/24 2:54:01 PM,11.2,2.18,11.1,2.22,11.1,2.75,11.1,1.99,11.2,2.61,11.2,2.39,11.2,3.25,
07/11/24 2:54:02 PM,11.2,2.43,11.1,2.51,11.1,2.51,11.1,2.49,11.2,2.79,11.2,2.34,11.2,3.38,
07/11/24 2:54:03 PM,11.2,3.07,11.1,3.84,11.0,3.29,11.1,2.80,11.2,3.08,11.2,2.09,11.2,3.21,
07/11/24 2:54:04 PM,11.1,3.20,11.0,3.83,11.0,3.45,11.1,2.95,11.2,3.45,11.2,2.69,11.2,3.17,
07/11/24 2:54:05 PM,11.1,2.88,11.0,3.32,11.0,3.06,11.1,2.85,11.1,3.06,11.2,2.75,11.2,2.97,
07/11/24 2:54:06 PM,11.1,2.47,11.0,2.56,11.0,2.91,11.1,2.91,11.1,3.16,11.2,2.33,11.2,2.88,
07/11/24 2:54:07 PM,11.1,2.23,11.0,2.41,11.0,2.61,11.1,2.43,11.1,2.83,11.2,2.42,11.2,3.38,
07/11/24 2:54:08 PM,11.1,2.16,11.0,2.23,11.0,2.80,11.1,2.73,11.1,3.00,11.2,2.24,11.2,3.05,
07/11/24 2:54:09 PM,11.1,2.39,11.0,2.40,11.0,3.15,11.1,2.92,11.2,3.14,11.2,2.33,11.2,3.06,
07/11/24 2:54:10 PM,11.1,3.20,11.0,3.78,11.0,3.57,11.1,3.04,11.1,3.37,11.2,2.67,11.2,3.28,
07/11/24 2:54:11 PM,11.1,3.16,11.0,3.59,11.0,3.55,11.1,3.27,11.1,3.49,11.2,2.46,11.2,3.26,
07/11/24 2:54:12 PM,11.1,2.99,11.0,3.51,11.0,3.21,11.1,3.00,11.1,3.30,11.2,2.59,11.2,3.27,
07/11/24 2:54:13 PM,11.1,2.67,11.0,2.90,11.0,2.95,11.1,2.95,11.1,3.30,11.2,2.76,11.2,3.67,
07/11/24 2:54:14 PM,11.1,2.68,11.0,2.81,11.0,2.79,11.1,2.48,11.1,2.83,11.2,2.82,11.2,3.23,
07/11/24 2:54:15 PM,11.1,2.56,11.0,2.77,11.0,3.25,11.1,2.83,11.1,3.05,11.2,2.54,11.2,2.69,
07/11/24 2:54:16 PM,11.1,2.74,11.0,3.07,11.0,2.93,11.1,2.75,11.1,2.84,11.2,2.08,11.2,3.11,
07/11/24 2:54:17 PM,11.1,2.88,11.0,2.91,11.0,3.10,11.1,2.72,11.1,2.76,11.2,2.27,11.2,2.97,
07/11/24 2:54:18 PM,11.1,2.63,11.0,2.50,11.0,2.96,11.1,2.76,11.1,2.82,11.2,2.35,11.2,2.89,
07/11/24 2:54:19 PM,11.1,2.68,11.0,3.08,11.0,2.93,11.1,2.63,11.2,2.79,11.2,2.05,11.2,2.55,
07/11/24 2:54:20 PM,11.1,2.63,11.0,3.17,11.0,2.72,11.1,2.36,11.2,2.65,11.2,2.05,11.2,2.58,
07/11/24 2:54:21 PM,11.2,2.34,11.0,2.66,11.0,2.53,11.1,2.30,11.2,2.50,11.2,1.96,11.2,2.17,
07/11/24 2:54:22 PM,11.2,2.40,11.1,2.61,11.1,2.57,11.1,2.36,11.2,2.37,11.2,1.63,11.2,2.49,
07/11/24 2:54:23 PM,11.2,2.07,11.1,2.16,11.1,2.12,11.2,1.86,11.2,2.17,11.2,1.79,11.2,2.81,
07/11/24 2:54:24 PM,11.3,2.58,11.1,2.67,11.2,2.53,11.3,1.93,11.3,2.37,11.2,1.92,11.3,2.74,
07/11/24 2:54:25 PM,11.3,2.44,11.2,2.47,11.2,2.49,11.3,2.24,11.3,2.69,11.2,1.92,11.2,2.76,
07/11/24 2:54:26 PM,11.3,2.62,11.2,2.52,11.2,2.71,11.3,2.31,11.3,2.76,11.2,2.01,11.2,2.93,
07/11/24 2:54:27 PM,11.3,2.54,11.2,2.10,11.2,2.77,11.3,2.64,11.2,3.31,11.3,2.37,11.2,3.34,
07/11/24 2:54:28 PM,11.4,2.66,11.3,2.30,11.2,2.99,11.3,2.73,11.3,2.97,11.3,2.71,11.2,2.98,
07/11/24 2:54:29 PM,11.4,2.99,11.2,2.92,11.1,3.54,11.2,2.93,11.2,3.27,11.3,2.30,11.2,2.95,
07/11/24 2:54:30 PM,11.3,2.89,11.2,3.33,11.2,2.90,11.2,2.78,11.2,3.19,11.3,2.54,11.2,3.01,
07/11/24 2:54:31 PM,11.3,3.44,11.2,3.68,11.1,3.55,11.2,2.81,11.2,3.13,11.3,2.36,11.2,3.30,
07/11/24 2:54:32 PM,11.2,3.63,11.1,4.61,11.0,4.10,11.1,3.19,11.2,3.45,11.3,2.25,11.2,3.44,
07/11/24 2:54:33 PM,11.1,3.72,11.0,4.81,11.0,3.70,11.1,3.39,11.1,3.62,11.2,2.91,11.2,3.60,
07/11/24 2:54:34 PM,11.1,3.28,11.0,3.52,11.0,3.81,11.1,2.99,11.1,3.19,11.2,2.32,11.2,3.36,
07/11/24 2:54:35 PM,11.1,3.21,11.0,3.27,11.0,3.42,11.1,3.10,11.1,3.66,11.2,2.77,11.2,3.15,
07/11/24 2:54:36 PM,11.1,3.46,11.0,3.66,11.0,3.43,11.1,2.90,11.1,3.36,11.2,2.56,11.2,3.00,
07/11/24 2:54:37 PM,11.1,3.12,11.0,3.56,11.0,3.32,11.1,2.95,11.2,3.17,11.2,2.61,11.2,3.07,
07/11/24 2:54:38 PM,11.1,3.26,11.0,3.82,11.0,3.33,11.1,2.96,11.1,3.23,11.2,2.46,11.2,2.98,
07/11/24 2:54:39 PM,11.1,3.36,11.0,3.78,11.0,3.56,11.1,2.94,11.1,3.20,11.2,2.41,11.2,2.83,
07/11/24 2:54:40 PM,11.1,3.06,11.0,3.86,11.0,3.61,11.1,3.06,11.1,3.39,11.2,2.29,11.2,3.00,
07/11/24 2:54:41 PM,11.1,3.44,11.0,3.68,11.0,3.57,11.1,3.12,11.1,3.40,11.2,2.53,11.2,3.17,
07/11/24 2:54:42 PM,11.1,3.19,11.0,3.40,11.0,3.45,11.1,2.94,11.1,3.47,11.2,2.63,11.2,3.27,
07/11/24 2:54:43 PM,11.1,3.44,11.0,3.36,11.0,3.55,11.1,3.03,11.1,3.38,11.2,2.56,11.2,2.87,
07/11/24 2:54:44 PM,11.1,2.95,11.0,3.30,11.0,3.44,11.1,2.98,11.1,3.35,11.2,2.30,11.2,2.81,
07/11/24 2:54:45 PM,11.1,2.98,11.0,3.35,11.0,3.51,11.1,3.11,11.1,3.33,11.2,2.34,11.2,3.04,
07/11/24 2:54:46 PM,11.1,2.96,11.0,3.11,11.0,3.47,11.1,3.24,11.1,3.70,11.2,2.62,11.2,3.24,
07/11/24 2:54:47 PM,11.1,3.06,11.0,2.85,11.0,3.79,11.1,3.26,11.1,3.60,11.2,2.70,11.2,3.14,
07/11/24 2:54:48 PM,11.1,3.11,11.0,3.11,11.0,3.55,11.1,3.30,11.1,3.59,11.2,2.61,11.2,3.45,
07/11/24 2:54:49 PM,11.1,3.33,11.0,3.63,11.0,3.89,11.1,3.32,11.1,3.86,11.2,2.81,11.2,3.34,
07/11/24 2:54:50 PM,11.1,3.45,11.0,3.51,11.0,3.76,11.1,3.26,11.1,3.45,11.2,2.74,11.2,3.21,
07/11/24 2:54:51 PM,11.1,3.28,11.0,3.97,11.0,3.44,11.1,3.12,11.1,3.27,11.2,2.59,11.2,2.77,
07/11/24 2:54:52 PM,11.1,2.97,11.0,3.70,11.0,3.20,11.1,2.82,11.1,2.89,11.2,2.33,11.2,2.95,
07/11/24 2:54:53 PM,11.1,2.82,11.0,3.47,11.0,2.99,11.1,2.94,11.1,3.11,11.2,2.09,11.2,3.03,
07/11/24 2:54:54 PM,11.1,2.69,11.0,2.89,11.0,3.22,11.1,3.32,11.1,3.70,11.2,2.46,11.2,3.58,
07/11/24 2:54:55 PM,11.1,2.73,11.0,2.77,11.0,2.94,11.1,2.94,11.1,3.14,11.2,2.76,11.2,3.10,
07/11/24 2:54:56 PM,11.1,2.35,11.0,2.56,11.0,2.73,11.1,2.65,11.1,2.90,11.2,2.26,11.2,2.60,
07/11/24 2:54:57 PM,11.1,2.50,11.0,2.39,11.0,2.94,11.1,2.58,11.1,2.78,11.2,1.96,11.2,2.70,
07/11/24 2:54:58 PM,11.1,2.47,11.0,2.71,11.0,2.52,11.1,2.68,11.1,2.73,11.2,1.99,11.2,2.82,
07/11/24 2:54:59 PM,11.1,2.23,11.0,2.65,11.0,2.40,11.1,2.37,11.1,2.50,11.2,1.87,11.2,2.71,
07/11/24 2:55:00 PM,11.1,1.97,11.1,2.24,11.0,2.12,11.1,2.19,11.1,2.38,11.2,1.91,11.2,2.53,
07/11/24 2:55:01 PM,11.1,1.89,11.1,2.16,11.0,2.10,11.1,1.94,11.1,2.17,11.2,1.71,11.2,2.19,
07/11/24 2:55:02 PM,11.1,1.78,11.1,1.95,11.0,2.01,11.1,2.17,11.1,2.30,11.2,1.71,11.2,2.31,
07/11/24 2:55:03 PM,11.2,1.75,11.1,1.98,11.0,2.00,11.1,1.82,11.1,1.94,11.2,1.75,11.2,2.19,
07/11/24 2:55:04 PM,11.2,2.06,11.1,1.91,11.0,2.43,11.1,1.98,11.2,2.16,11.2,1.37,11.2,2.42,
07/11/24 2:55:05 PM,11.2,1.98,11.1,1.99,11.0,2.35,11.1,2.34,11.2,2.59,11.2,1.82,11.2,2.28,
07/11/24 2:55:06 PM,11.2,1.98,11.1,1.93,11.0,2.33,11.1,2.34,11.1,2.56,11.2,1.84,11.2,2.31,
07/11/24 2:55:07 PM,11.2,2.01,11.1,1.82,11.0,2.31,11.1,2.30,11.1,2.59,11.2,1.77,11.2,2.48,
07/11/24 2:55:08 PM,11.2,2.17,11.1,2.09,11.0,2.55,11.1,2.42,11.1,2.50,11.2,1.89,11.2,2.48,
07/11/24 2:55:09 PM,11.2,2.28,11.1,2.89,11.0,2.39,11.1,2.43,11.2,2.56,11.2,1.93,11.2,2.45,
07/11/24 2:55:10 PM,11.2,2.01,11.1,2.63,11.0,2.19,11.1,2.20,11.2,2.40,11.2,1.73,11.2,2.25,
07/11/24 2:55:11 PM,11.2,1.92,11.1,2.30,11.1,1.93,11.1,2.01,11.2,2.18,11.2,1.65,11.2,1.89,
07/11/24 2:55:12 PM,11.2,1.80,11.1,2.22,11.1,1.93,11.2,1.79,11.2,1.91,11.2,1.34,11.2,1.96,
07/11/24 2:55:13 PM,11.2,1.94,11.1,2.39,11.1,2.30,11.1,1.96,11.2,2.17,11.2,1.47,11.2,2.29,
07/11/24 2:55:14 PM,11.2,2.50,11.1,2.56,11.0,3.45,11.2,2.89,11.2,3.09,11.2,1.75,11.2,2.63,
07/11/24 2:55:15 PM,11.2,3.51,11.0,3.75,11.0,4.21,11.1,4.13,11.1,4.18,11.2,2.15,11.2,3.22,
07/11/24 2:55:16 PM,11.1,3.60,11.0,3.78,11.0,4.40,11.1,4.40,11.1,4.33,11.2,2.50,11.2,3.83,
07/11/24 2:55:17 PM,11.1,3.45,11.0,3.40,11.0,3.94,11.1,4.15,11.1,4.14,11.2,2.93,11.2,3.08,
07/11/24 2:55:18 PM,11.1,3.15,11.0,3.70,11.0,3.52,11.1,3.84,11.1,3.77,11.2,2.91,11.2,3.73,
07/11/24 2:55:19 PM,11.1,3.10,11.0,3.54,11.0,3.76,11.1,3.84,11.1,3.83,11.2,2.84,11.2,3.74,
07/11/24 2:55:20 PM,11.1,3.08,11.0,3.67,11.0,3.42,11.1,3.50,11.1,3.58,11.2,2.68,11.2,3.51,
07/11/24 2:55:21 PM,11.1,2.86,11.0,3.31,11.0,3.47,11.1,3.46,11.1,3.52,11.1,2.65,11.1,3.32,
07/11/24 2:55:22 PM,11.1,2.65,11.0,2.87,11.0,2.81,11.1,3.37,11.1,3.46,11.1,2.57,11.1,3.11,
07/11/24 2:55:23 PM,11.1,2.66,11.0,2.86,11.0,3.19,11.1,3.04,11.1,3.33,11.1,2.40,11.1,2.95,
07/11/24 2:55:24 PM,11.1,2.46,11.0,2.70,11.0,2.87,11.1,2.96,11.1,3.23,11.1,2.07,11.1,2.93,
07/11/24 2:55:25 PM,11.1,2.57,11.0,2.53,11.0,2.84,11.1,2.76,11.1,3.18,11.1,2.26,11.2,3.57,
07/11/24 2:55:26 PM,11.1,1.80,11.0,2.23,11.0,2.78,11.1,2.92,11.1,3.29,11.1,2.23,11.2,3.74,
07/11/24 2:55:27 PM,11.1,1.85,11.0,2.77,11.0,2.97,11.1,3.15,11.1,3.32,11.1,2.74,11.2,3.29,
07/11/24 2:55:28 PM,11.1,2.19,11.0,2.91,11.0,3.18,11.1,3.03,11.1,3.49,11.1,2.85,11.2,2.82,
07/11/24 2:55:29 PM,11.1,2.74,11.0,2.77,11.0,3.39,11.1,3.19,11.1,3.33,11.1,2.24,11.2,2.75,
07/11/24 2:55:30 PM,11.1,2.76,11.0,2.70,11.0,3.07,11.1,3.40,11.1,3.51,11.1,2.44,11.2,2.66,
07/11/24 2:55:31 PM,11.1,2.50,11.0,2.30,11.0,2.78,11.1,2.92,11.1,3.30,11.1,2.71,11.2,2.93,
07/11/24 2:55:32 PM,11.1,2.32,11.0,2.31,11.0,3.01,11.1,2.98,11.1,2.97,11.1,2.48,11.2,2.52,
07/11/24 2:55:33 PM,11.1,2.32,11.0,2.63,11.0,2.53,11.1,2.61,11.1,2.54,11.1,1.84,11.2,1.90,
07/11/24 2:55:34 PM,11.2,1.65,11.0,1.64,11.0,1.51,11.1,1.57,11.1,1.70,11.1,1.54,11.2,1.82,
07/11/24 2:55:35 PM,11.2,1.86,11.0,1.74,11.0,2.17,11.1,1.75,11.1,1.89,11.1,1.52,11.2,2.11,
07/11/24 2:55:36 PM,11.1,2.34,11.0,2.19,11.0,2.58,11.1,2.20,11.1,2.45,11.2,1.87,11.2,2.18,
07/11/24 2:55:37 PM,11.2,2.26,11.0,2.44,11.0,2.26,11.1,2.27,11.1,2.45,11.2,2.07,11.2,2.36,
07/11/24 2:55:38 PM,11.2,1.78,11.1,1.85,11.0,1.87,11.1,1.88,11.1,2.06,11.2,1.78,11.2,2.14,
07/11/24 2:55:39 PM,11.2,1.65,11.1,1.86,11.0,1.90,11.1,1.66,11.1,1.90,11.2,1.63,11.2,2.32,
07/11/24 2:55:40 PM,11.2,1.66,11.1,1.87,11.0,1.87,11.1,1.67,11.1,1.85,11.2,1.40,11.2,2.05,
07/11/24 2:55:41 PM,11.2,1.57,11.1,1.66,11.0,1.99,11.1,1.95,11.1,2.01,11.2,1.60,11.2,2.34,
07/11/24 2:55:42 PM,11.1,1.70,11.0,1.80,11.0,1.90,11.1,1.76,11.1,1.92,11.2,1.55,11.2,2.28,
07/11/24 2:55:43 PM,11.1,1.57,11.0,1.94,11.0,1.79,11.1,1.87,11.1,2.24,11.2,1.62,11.2,2.15,
07/11/24 2:55:44 PM,11.2,1.73,11.0,1.76,11.0,1.95,11.1,1.98,11.1,2.21,11.2,1.79,11.2,2.57,
07/11/24 2:55:45 PM,11.2,1.75,11.1,1.83,11.0,1.82,11.1,2.12,11.1,2.46,11.2,2.05,11.2,2.93,
07/11/24 2:55:46 PM,11.2,1.95,11.1,2.05,11.0,2.60,11.1,2.09,11.1,2.86,11.2,2.36,11.2,2.86,
07/11/24 2:55:47 PM,11.1,2.40,11.0,2.58,11.0,2.72,11.1,2.65,11.1,2.84,11.2,2.36,11.2,2.64,
07/11/24 2:55:48 PM,11.1,2.30,11.0,1.99,11.0,2.52,11.1,2.42,11.1,2.74,11.2,2.09,11.2,2.63,
07/11/24 2:55:49 PM,11.1,2.23,11.0,2.41,11.0,2.49,11.1,2.34,11.1,2.81,11.2,1.98,11.2,2.63,
07/11/24 2:55:50 PM,11.1,2.35,11.0,2.39,11.0,2.74,11.1,2.50,11.1,2.71,11.2,2.10,11.2,3.00,
07/11/24 2:55:51 PM,11.1,2.25,11.0,2.56,11.0,2.54,11.1,2.30,11.1,2.79,11.1,1.98,11.2,2.89,
07/11/24 2:55:52 PM,11.1,2.37,11.0,2.17,11.0,2.60,11.1,2.47,11.1,2.97,11.1,2.35,11.2,2.66,
07/11/24 2:55:53 PM,11.1,1.94,11.0,1.91,11.0,2.36,11.1,2.44,11.1,2.59,11.1,2.12,11.2,2.58,
07/11/24 2:55:54 PM,11.1,1.97,11.0,1.88,11.0,2.54,11.1,2.45,11.1,2.67,11.1,1.65,11.2,3.11,
07/11/24 2:55:55 PM,11.1,1.99,11.0,1.95,11.0,3.28,11.1,3.82,11.1,4.10,11.1,1.92,11.2,3.87,
07/11/24 2:55:56 PM,11.1,3.15,11.0,2.98,11.0,4.14,11.1,3.50,11.1,4.19,11.1,3.52,11.2,4.36,
07/11/24 2:55:57 PM,11.1,3.72,11.0,4.30,11.0,4.00,11.1,4.44,11.1,4.54,11.1,3.39,11.2,4.04,
07/11/24 2:55:58 PM,11.1,3.05,11.0,3.83,11.0,3.61,11.1,3.98,11.1,4.47,11.1,3.63,11.2,3.74,
07/11/24 2:55:59 PM,11.1,2.78,11.0,2.86,11.0,3.30,11.1,3.12,11.1,3.64,11.1,2.88,11.2,3.58,
07/11/24 2:56:00 PM,11.1,2.65,11.0,3.15,11.0,2.63,11.1,2.58,11.1,3.13,11.1,2.70,11.2,3.78,
07/11/24 2:56:01 PM,11.1,2.96,11.0,3.35,11.0,3.77,11.1,2.99,11.1,3.26,11.1,2.51,11.2,3.97,
07/11/24 2:56:02 PM,11.1,3.38,11.0,4.00,11.0,3.88,11.1,3.41,11.1,3.88,11.1,3.11,11.2,4.20,
07/11/24 2:56:03 PM,11.1,4.00,11.0,4.33,11.0,4.86,11.1,3.62,11.1,4.09,11.1,3.23,11.2,3.76,
07/11/24 2:56:04 PM,11.1,4.52,11.0,5.26,11.0,5.04,11.1,4.32,11.1,4.67,11.1,3.43,11.2,4.03,
07/11/24 2:56:05 PM,11.1,4.09,11.0,5.29,11.0,4.59,11.1,4.21,11.1,4.66,11.1,3.47,11.1,4.00,
07/11/24 2:56:06 PM,11.1,3.90,11.0,4.61,11.0,4.29,11.1,3.91,11.1,4.27,11.1,3.17,11.1,4.01,
07/11/24 2:56:07 PM,11.1,3.89,11.0,4.98,11.0,4.35,11.1,3.60,11.1,3.92,11.1,3.16,11.1,3.84,
07/11/24 2:56:08 PM,11.1,3.67,11.0,4.27,11.0,4.30,11.1,3.89,11.1,4.12,11.1,2.95,11.1,3.60,
07/11/24 2:56:09 PM,11.1,3.89,11.0,4.45,11.0,4.13,11.1,3.74,11.1,4.02,11.1,2.87,11.1,3.70,
07/11/24 2:56:10 PM,11.1,3.46,11.0,3.83,11.0,4.01,11.1,4.12,11.1,4.39,11.1,3.08,11.1,3.87,
07/11/24 2:56:11 PM,11.1,3.65,11.0,4.54,11.0,4.10,11.1,3.97,11.1,3.98,11.1,3.16,11.2,3.61,
07/11/24 2:56:12 PM,11.1,3.09,11.0,3.62,11.0,3.45,11.1,3.41,11.1,3.64,11.1,2.76,11.1,3.50,
07/11/24 2:56:13 PM,11.1,2.82,11.0,2.81,11.0,3.52,11.1,3.19,11.1,3.64,11.1,2.65,11.1,3.11,
07/11/24 2:56:14 PM,11.1,2.72,11.0,2.96,11.0,2.84,11.1,2.83,11.1,3.25,11.1,2.56,11.2,3.13,
07/11/24 2:56:15 PM,11.1,2.51,11.0,2.78,11.0,2.77,11.1,2.46,11.1,2.94,11.1,2.36,11.2,3.35,
07/11/24 2:56:16 PM,11.1,2.69,11.0,2.56,11.0,3.27,11.1,2.87,11.1,3.15,11.1,2.40,11.2,3.14,
07/11/24 2:56:17 PM,11.1,2.63,11.0,2.88,11.0,3.27,11.1,2.85,11.1,3.18,11.1,2.01,11.2,3.57,
07/11/24 2:56:18 PM,11.1,3.61,11.0,4.37,11.0,4.29,11.1,3.33,11.1,3.74,11.1,2.67,11.2,3.75,
07/11/24 2:56:19 PM,11.1,4.28,11.0,4.49,11.0,4.53,11.1,3.74,11.1,4.11,11.1,2.95,11.2,3.69,
07/11/24 2:56:20 PM,11.1,4.37,11.0,5.43,11.0,4.48,11.1,3.83,11.1,4.18,11.1,3.07,11.2,4.02,
07/11/24 2:56:21 PM,11.1,4.38,11.0,5.13,11.0,4.18,11.1,3.78,11.1,4.22,11.1,3.23,11.1,4.26,
07/11/24 2:56:22 PM,11.1,3.76,11.0,4.36,11.0,3.88,11.1,3.80,11.1,4.11,11.1,3.32,11.1,4.39,
07/11/24 2:56:23 PM,11.1,3.67,11.0,4.30,11.0,4.06,11.1,3.52,11.1,4.09,11.1,3.32,11.1,3.87,
07/11/24 2:56:24 PM,11.1,3.68,11.0,4.31,11.0,4.48,11.1,3.92,11.1,4.38,11.1,3.23,11.1,4.35,
07/11/24 2:56:25 PM,11.1,3.72,11.0,3.99,11.0,4.48,11.1,3.72,11.1,4.10,11.1,3.32,11.1,3.99,
07/11/24 2:56:26 PM,11.1,3.56,11.0,3.62,11.0,3.95,11.1,3.68,11.1,3.91,11.1,2.98,11.1,3.82,
07/11/24 2:56:27 PM,11.1,3.42,11.0,3.44,11.0,4.08,11.1,3.52,11.1,4.07,11.1,2.82,11.1,3.57,
07/11/24 2:56:28 PM,11.1,3.41,11.0,3.52,11.0,3.92,11.1,3.70,11.1,4.07,11.1,2.90,11.1,3.96,
07/11/24 2:56:29 PM,11.1,3.30,11.0,4.00,11.0,3.42,11.1,3.14,11.1,3.59,11.1,2.98,11.1,3.79,
07/11/24 2:56:30 PM,11.1,3.33,11.0,3.86,11.0,3.79,11.1,3.28,11.1,3.80,11.1,2.76,11.1,3.87,
07/11/24 2:56:31 PM,11.1,3.57,11.0,4.01,11.0,4.10,11.1,3.56,11.1,3.93,11.1,3.00,11.1,3.86,
07/11/24 2:56:32 PM,11.1,3.82,11.0,4.05,11.0,4.24,11.1,3.61,11.1,3.83,11.1,2.75,11.1,4.06,
07/11/24 2:56:33 PM,11.1,4.12,11.0,4.77,11.0,4.24,11.1,3.79,11.1,4.06,11.1,3.11,11.1,3.89,
07/11/24 2:56:34 PM,11.1,3.96,11.0,4.62,11.0,4.41,11.1,4.05,11.1,4.20,11.1,3.16,11.2,3.76,
07/11/24 2:56:35 PM,11.1,3.53,11.0,4.54,11.0,4.48,11.1,3.62,11.1,3.56,11.1,2.81,11.1,3.45,
07/11/24 2:56:36 PM,11.1,2.96,11.0,3.90,11.0,3.25,11.1,3.29,11.1,3.35,11.1,2.46,11.1,4.01,
07/11/24 2:56:37 PM,11.1,3.18,11.0,3.65,11.0,3.35,11.1,3.08,11.1,3.50,11.1,2.82,11.1,3.62,
07/11/24 2:56:38 PM,11.1,3.17,11.0,3.60,11.0,3.18,11.1,3.19,11.1,3.43,11.1,2.73,11.1,3.31,
07/11/24 2:56:39 PM,11.1,2.24,11.0,2.56,11.0,2.56,11.1,2.72,11.1,2.84,11.1,2.52,11.1,3.41,
07/11/24 2:56:40 PM,11.1,1.98,11.0,2.07,11.0,3.05,11.1,3.10,11.1,2.60,11.1,2.15,11.1,3.48,
07/11/24 2:56:41 PM,11.1,2.34,11.0,2.11,11.0,3.05,11.1,2.66,11.1,2.53,11.1,1.77,11.1,3.19,
07/11/24 2:56:42 PM,11.2,2.15,11.1,2.20,11.0,2.60,11.1,2.66,11.1,3.15,11.1,2.58,11.1,3.24,
07/11/24 2:56:43 PM,11.1,2.60,11.0,2.31,11.0,2.72,11.1,3.24,11.1,3.81,11.1,2.50,11.1,3.39,
07/11/24 2:56:44 PM,11.1,2.79,11.0,2.42,11.0,3.33,11.1,3.20,11.1,3.86,11.1,2.92,11.1,3.36,
07/11/24 2:56:45 PM,11.1,3.29,11.0,2.85,11.0,3.69,11.1,3.51,11.1,3.73,11.1,2.85,11.1,2.99,
07/11/24 2:56:46 PM,11.1,3.69,11.0,3.98,11.0,3.78,11.1,3.10,11.1,3.43,11.1,2.63,11.1,3.43,
07/11/24 2:56:47 PM,11.1,3.42,11.0,3.93,11.0,3.49,11.1,2.95,11.1,3.04,11.1,2.42,11.1,2.93,
07/11/24 2:56:48 PM,11.1,3.15,11.0,3.71,11.0,3.28,11.1,2.82,11.1,3.14,11.1,2.15,11.1,3.44,
07/11/24 2:56:49 PM,11.1,3.04,11.0,3.58,11.0,3.28,11.1,3.00,11.1,3.44,11.1,2.33,11.1,3.04,
07/11/24 2:56:50 PM,11.1,3.05,11.0,3.13,11.0,3.36,11.1,3.07,11.1,3.48,11.1,2.57,11.1,2.89,
07/11/24 2:56:51 PM,11.1,3.05,11.0,3.39,11.0,3.53,11.1,3.07,11.1,3.46,11.1,2.58,11.2,2.69,
07/11/24 2:56:52 PM,11.1,3.08,11.0,2.98,11.0,3.41,11.1,2.84,11.1,3.21,11.1,2.51,11.2,2.97,
07/11/24 2:56:53 PM,11.1,3.17,11.0,3.56,11.0,3.37,11.1,2.97,11.1,3.45,11.1,2.34,11.2,2.60,
07/11/24 2:56:54 PM,11.2,2.77,11.0,2.83,11.0,3.22,11.1,2.88,11.1,3.22,11.1,2.59,11.2,2.75,
07/11/24 2:56:55 PM,11.2,2.78,11.1,2.80,11.1,3.41,11.2,3.08,11.2,3.13,11.1,2.29,11.2,2.45,
07/11/24 2:56:56 PM,11.2,3.03,11.1,3.19,11.0,2.98,11.2,2.67,11.2,2.66,11.1,1.72,11.2,2.59,
07/11/24 2:56:57 PM,11.2,2.76,11.1,3.78,11.1,2.98,11.2,2.50,11.2,2.57,11.2,1.97,11.2,2.83,
07/11/24 2:56:58 PM,11.2,2.73,11.1,3.43,11.1,3.02,11.2,2.83,11.2,2.97,11.2,2.22,11.2,2.63,
07/11/24 2:56:59 PM,11.2,2.07,11.1,2.52,11.0,2.80,11.2,2.36,11.2,2.60,11.2,2.00,11.2,2.46,
07/11/24 2:57:00 PM,11.2,1.95,11.1,2.43,11.0,2.28,11.1,2.15,11.2,2.30,11.2,1.81,11.2,2.21,
07/11/24 2:57:01 PM,11.2,2.06,11.0,2.39,11.0,2.36,11.1,2.23,11.1,2.30,11.2,1.75,11.2,2.24,
07/11/24 2:57:02 PM,11.2,2.08,11.0,2.42,11.0,2.28,11.1,2.25,11.1,2.53,11.2,1.80,11.2,2.29,
07/11/24 2:57:03 PM,11.1,1.99,11.0,2.23,11.0,2.38,11.1,2.18,11.1,2.46,11.2,1.90,11.2,2.51,
07/11/24 2:57:04 PM,11.1,2.13,11.0,2.49,11.0,2.27,11.1,2.21,11.1,2.52,11.2,1.93,11.2,2.35,
07/11/24 2:57:05 PM,11.1,1.99,11.0,2.25,11.0,2.27,11.1,2.27,11.1,2.47,11.2,1.78,11.2,2.37,
07/11/24 2:57:06 PM,11.1,2.06,11.0,2.39,11.0,2.37,11.1,2.29,11.1,2.54,11.2,1.89,11.2,2.39,
07/11/24 2:57:07 PM,11.1,2.27,11.0,2.71,11.0,2.51,11.1,2.51,11.1,2.68,11.2,1.99,11.2,2.42,
07/11/24 2:57:08 PM,11.1,2.22,11.0,2.52,11.0,2.52,11.1,2.31,11.1,2.46,11.2,1.80,11.2,2.40,
07/11/24 2:57:09 PM,11.2,2.00,11.0,2.42,11.0,2.28,11.1,2.17,11.2,2.37,11.2,1.85,11.2,2.54,
07/11/24 2:57:10 PM,11.2,2.33,11.1,2.70,11.0,2.52,11.2,2.46,11.2,2.88,11.2,2.19,11.2,2.82,
07/11/24 2:57:11 PM,11.2,2.24,11.1,2.55,11.0,2.84,11.1,3.14,11.1,3.11,11.2,2.45,11.2,2.96,
07/11/24 2:57:12 PM,11.1,2.90,11.0,3.01,11.0,2.81,11.1,3.43,11.1,3.86,11.2,2.63,11.2,3.33,
07/11/24 2:57:13 PM,11.1,3.26,11.0,3.83,11.0,3.87,11.1,3.60,11.1,3.91,11.2,2.75,11.2,3.57,
07/11/24 2:57:14 PM,11.1,2.81,11.0,3.22,11.0,3.50,11.1,3.16,11.1,3.47,11.2,2.76,11.2,3.81,
07/11/24 2:57:15 PM,11.1,2.80,11.0,3.01,11.0,3.32,11.1,3.46,11.1,3.58,11.2,2.98,11.2,3.26,
07/11/24 2:57:16 PM,11.1,2.48,11.0,2.62,11.0,3.09,11.1,2.67,11.1,2.96,11.2,2.45,11.2,2.85,
07/11/24 2:57:17 PM,11.1,2.45,11.0,2.66,11.0,2.66,11.1,2.44,11.1,2.59,11.2,2.24,11.2,2.50,
07/11/24 2:57:18 PM,11.1,2.43,11.0,2.76,11.0,2.67,11.1,2.63,11.1,2.83,11.2,2.14,11.2,2.72,
07/11/24 2:57:19 PM,11.1,2.32,11.0,2.56,11.0,2.66,11.1,2.65,11.1,2.97,11.2,1.98,11.2,3.24,
07/11/24 2:57:20 PM,11.1,2.53,11.0,2.92,11.0,2.79,11.1,2.91,11.1,3.12,11.2,2.53,11.1,3.12,
07/11/24 2:57:21 PM,11.1,2.14,11.0,2.30,11.0,2.83,11.1,2.53,11.1,2.84,11.1,2.33,11.1,3.02,
07/11/24 2:57:22 PM,11.1,2.07,11.0,1.89,11.0,2.03,11.1,2.03,11.1,2.56,11.1,2.27,11.1,3.22,
07/11/24 2:57:23 PM,11.1,1.97,11.0,1.93,11.0,2.60,11.1,2.47,11.1,2.90,11.1,2.29,11.2,2.74,
07/11/24 2:57:24 PM,11.1,1.91,11.0,1.76,11.0,2.08,11.1,1.95,11.1,2.24,11.1,1.90,11.2,2.73,
07/11/24 2:57:25 PM,11.1,1.95,11.0,2.24,11.0,2.09,11.1,2.02,11.1,2.48,11.1,1.83,11.2,2.85,
07/11/24 2:57:26 PM,11.1,2.33,11.0,2.22,11.0,2.17,11.1,2.34,11.1,2.77,11.1,2.07,11.1,3.23,
07/11/24 2:57:27 PM,11.1,2.16,11.0,2.33,11.0,2.94,11.1,3.08,11.1,3.37,11.1,2.52,11.1,3.36,
07/11/24 2:57:28 PM,11.1,2.42,11.0,2.67,11.0,3.07,11.1,2.97,11.1,3.47,11.1,2.57,11.1,3.36,
07/11/24 2:57:29 PM,11.1,2.53,11.0,2.83,11.0,2.97,11.1,2.89,11.1,3.18,11.1,2.65,11.1,3.43,
07/11/24 2:57:30 PM,11.1,2.72,11.0,2.91,11.0,2.88,11.1,2.95,11.1,3.56,11.1,2.36,11.1,3.29,
07/11/24 2:57:31 PM,11.1,2.77,11.0,3.22,11.0,3.31,11.1,3.05,11.1,3.41,11.1,2.76,11.1,3.02,
07/11/24 2:57:32 PM,11.1,2.65,11.0,3.01,11.0,3.17,11.1,2.90,11.1,3.31,11.1,2.45,11.1,3.35,
07/11/24 2:57:33 PM,11.1,2.75,11.0,3.15,11.0,2.98,11.1,2.65,11.1,2.83,11.1,2.64,11.1,2.90,
07/11/24 2:57:34 PM,11.1,2.58,11.0,2.98,11.0,2.88,11.1,2.55,11.1,2.90,11.1,2.26,11.1,2.99,
07/11/24 2:57:35 PM,11.1,2.63,11.0,3.07,11.0,2.87,11.1,2.71,11.1,2.76,11.1,2.12,11.2,2.67,
07/11/24 2:57:36 PM,11.1,2.56,11.0,2.72,11.0,2.94,11.1,2.71,11.1,2.96,11.1,2.01,11.1,2.83,
07/11/24 2:57:37 PM,11.1,2.66,11.0,2.80,11.0,2.99,11.1,2.71,11.1,2.95,11.1,2.28,11.1,2.87,
07/11/24 2:57:38 PM,11.1,2.58,11.0,2.56,11.0,3.04,11.1,2.79,11.1,2.95,11.1,2.19,11.1,3.01,
07/11/24 2:57:39 PM,11.1,2.51,11.0,2.69,11.0,3.00,11.1,2.74,11.1,2.87,11.1,2.43,11.1,2.62,
07/11/24 2:57:40 PM,11.1,2.57,11.0,2.33,11.0,2.63,11.1,2.46,11.1,2.74,11.1,1.97,11.2,2.51,
07/11/24 2:57:41 PM,11.1,2.33,11.0,2.62,11.0,2.62,11.1,2.59,11.1,2.78,11.1,2.06,11.2,2.45,
07/11/24 2:57:42 PM,11.2,2.51,11.0,2.62,11.0,2.72,11.1,2.69,11.1,3.14,11.1,2.06,11.2,3.36,
07/11/24 2:57:43 PM,11.2,2.69,11.1,2.84,11.0,3.00,11.2,2.69,11.2,3.05,11.1,2.60,11.2,2.94,
07/11/24 2:57:44 PM,11.2,2.73,11.1,2.32,11.1,2.90,11.2,2.70,11.2,3.02,11.1,2.44,11.2,3.11,
07/11/24 2:57:45 PM,11.2,2.76,11.1,3.25,11.1,2.95,11.1,2.77,11.1,3.01,11.2,2.46,11.2,2.97,
07/11/24 2:57:46 PM,11.2,2.85,11.0,3.17,11.1,2.89,11.1,2.74,11.1,3.24,11.2,2.38,11.2,2.94,
07/11/24 2:57:47 PM,11.1,2.79,11.0,3.04,11.0,3.05,11.1,2.65,11.1,2.88,11.2,2.35,11.2,2.59,
07/11/24 2:57:48 PM,11.1,2.81,11.0,3.09,11.0,2.89,11.1,2.59,11.1,2.80,11.2,2.03,11.2,2.30,
07/11/24 2:57:49 PM,11.1,2.39,11.0,2.69,11.0,2.79,11.1,2.49,11.1,2.81,11.2,2.02,11.2,2.73,
07/11/24 2:57:50 PM,11.1,2.27,11.0,2.75,11.0,2.54,11.1,2.25,11.1,2.55,11.2,2.13,11.2,2.88,
07/11/24 2:57:51 PM,11.1,2.35,11.0,2.74,11.0,2.47,11.1,2.48,11.1,2.73,11.2,1.93,11.2,2.85,
07/11/24 2:57:52 PM,11.1,2.23,11.0,2.43,11.0,2.59,11.1,2.43,11.1,2.68,11.2,2.17,11.2,2.83,
07/11/24 2:57:53 PM,11.1,2.26,11.0,2.27,11.0,2.52,11.1,2.54,11.1,2.94,11.2,2.16,11.2,2.95,
07/11/24 2:57:54 PM,11.1,2.56,11.0,2.55,11.0,2.88,11.1,2.91,11.1,3.21,11.2,2.39,11.2,2.96,
07/11/24 2:57:55 PM,11.1,2.11,11.0,2.51,11.0,2.74,11.1,2.81,11.1,3.28,11.2,2.37,11.2,3.16,
07/11/24 2:57:56 PM,11.1,2.65,11.0,2.79,11.0,3.02,11.1,3.11,11.1,3.58,11.2,2.48,11.1,3.55,
07/11/24 2:57:57 PM,11.1,2.78,11.0,2.90,11.0,3.34,11.1,3.04,11.1,3.40,11.2,2.78,11.1,3.49,
07/11/24 2:57:58 PM,11.1,2.69,11.0,2.53,11.0,3.07,11.1,2.86,11.1,3.18,11.1,2.39,11.1,3.56,
07/11/24 2:57:59 PM,11.1,2.71,11.0,3.04,11.0,2.98,11.1,2.85,11.1,3.34,11.1,2.30,11.1,3.05,
07/11/24 2:58:00 PM,11.1,2.64,11.0,2.54,11.0,2.92,11.1,2.63,11.1,2.94,11.1,2.41,11.1,2.78,
07/11/24 2:58:01 PM,11.1,2.49,11.0,2.67,11.0,2.57,11.1,2.56,11.1,2.98,11.1,2.18,11.1,2.75,
07/11/24 2:58:02 PM,11.1,2.91,11.0,2.72,11.0,2.65,11.1,2.51,11.1,2.55,11.1,2.21,11.1,2.61,
07/11/24 2:58:03 PM,11.1,2.79,11.0,3.03,11.0,3.03,11.1,2.52,11.1,2.57,11.1,1.91,11.1,2.64,
07/11/24 2:58:04 PM,11.1,2.87,11.0,3.37,11.0,2.91,11.1,2.62,11.1,2.82,11.1,2.10,11.1,2.77,
07/11/24 2:58:05 PM,11.1,2.78,11.0,3.23,11.0,2.93,11.1,2.73,11.1,2.94,11.1,2.13,11.1,2.98,
07/11/24 2:58:06 PM,11.1,2.71,11.0,3.25,11.0,2.94,11.1,2.78,11.1,3.17,11.1,2.26,11.1,3.43,
07/11/24 2:58:07 PM,11.1,2.60,11.0,3.00,11.0,2.93,11.1,2.85,11.1,3.07,11.1,2.40,11.1,3.50,
07/11/24 2:58:08 PM,11.1,2.15,11.0,2.81,11.0,2.77,11.1,2.52,11.1,2.80,11.1,2.02,11.1,2.75,
07/11/24 2:58:09 PM,11.1,2.57,11.0,2.72,11.0,2.39,11.1,2.33,11.1,2.64,11.1,1.94,11.1,2.64,
07/11/24 2:58:10 PM,11.1,2.81,11.0,2.65,11.0,3.15,11.1,2.97,11.1,3.37,11.1,2.50,11.1,2.81,
07/11/24 2:58:11 PM,11.1,3.16,11.0,3.03,11.0,3.58,11.1,2.95,11.1,3.21,11.1,2.40,11.1,2.90,
07/11/24 2:58:12 PM,11.1,3.49,11.0,4.02,11.0,3.65,11.1,2.97,11.1,3.44,11.1,2.68,11.1,3.31,
07/11/24 2:58:13 PM,11.1,3.27,11.0,3.51,11.0,3.85,11.1,3.29,11.1,3.47,11.1,2.72,11.1,2.85,
07/11/24 2:58:14 PM,11.1,2.89,11.0,3.28,11.0,3.53,11.1,2.99,11.1,3.42,11.1,2.41,11.1,2.61,
07/11/24 2:58:15 PM,11.1,2.92,11.0,3.41,11.0,3.27,11.1,2.70,11.1,3.05,11.1,2.28,11.1,2.68,
07/11/24 2:58:16 PM,11.1,2.97,11.0,3.39,11.0,3.14,11.1,2.71,11.1,2.83,11.1,2.42,11.1,2.92,
07/11/24 2:58:17 PM,11.1,3.20,11.0,3.31,11.0,3.07,11.1,2.65,11.1,2.97,11.1,2.22,11.1,2.93,
07/11/24 2:58:18 PM,11.1,3.50,11.0,3.72,11.0,3.85,11.1,3.13,11.1,3.29,11.1,2.28,11.1,2.86,
07/11/24 2:58:19 PM,11.1,3.59,11.0,3.79,11.0,3.71,11.1,2.93,11.1,3.22,11.1,2.41,11.2,2.99,
07/11/24 2:58:20 PM,11.1,3.69,11.0,4.14,11.0,3.67,11.1,3.05,11.1,3.06,11.1,2.32,11.2,2.45,
07/11/24 2:58:21 PM,11.1,3.04,11.0,3.69,11.0,3.88,11.1,2.97,11.1,2.86,11.1,2.02,11.2,2.91,
07/11/24 2:58:22 PM,11.1,2.89,11.0,3.59,11.0,3.21,11.1,3.10,11.1,3.28,11.1,2.47,11.2,2.72,
07/11/24 2:58:23 PM,11.1,2.99,11.0,3.89,11.0,3.00,11.1,2.76,11.1,2.93,11.1,2.00,11.2,2.66,
07/11/24 2:58:24 PM,11.1,3.25,11.0,3.90,11.0,3.20,11.1,3.11,11.1,3.35,11.1,2.20,11.2,2.71,
07/11/24 2:58:25 PM,11.1,3.12,11.0,3.68,11.0,3.68,11.1,3.59,11.1,3.76,11.1,2.35,11.2,2.53,
07/11/24 2:58:26 PM,11.1,3.34,11.0,3.77,11.0,3.80,11.1,3.36,11.1,3.46,11.1,2.74,11.2,3.15,
07/11/24 2:58:27 PM,11.1,3.50,11.0,4.04,11.0,3.84,11.1,3.75,11.1,3.95,11.1,2.64,11.2,3.31,
07/11/24 2:58:28 PM,11.1,3.24,11.0,4.10,11.0,3.78,11.1,3.86,11.1,3.91,11.1,2.90,11.2,3.57,
07/11/24 2:58:29 PM,11.1,2.98,11.0,3.49,11.0,3.80,11.1,3.67,11.1,3.70,11.1,2.92,11.2,3.11,
07/11/24 2:58:30 PM,11.1,2.72,11.0,3.10,11.0,3.40,11.1,3.33,11.1,3.44,11.1,2.67,11.2,2.99,
07/11/24 2:58:31 PM,11.1,2.43,11.0,2.80,11.0,3.01,11.1,3.13,11.1,3.26,11.1,2.49,11.2,2.86,
07/11/24 2:58:32 PM,11.1,2.61,11.0,2.75,11.0,2.94,11.1,2.90,11.1,2.89,11.1,2.23,11.2,2.66,
07/11/24 2:58:33 PM,11.1,2.30,11.0,2.74,11.0,2.95,11.1,2.68,11.1,2.75,11.1,2.06,11.2,2.67,
07/11/24 2:58:34 PM,11.1,1.90,11.0,2.26,11.0,2.46,11.1,2.36,11.1,2.69,11.1,2.05,11.2,2.89,
07/11/24 2:58:35 PM,11.1,2.12,11.0,2.28,11.0,2.45,11.1,2.57,11.1,3.02,11.1,2.28,11.2,2.67,
07/11/24 2:58:36 PM,11.1,2.49,11.0,2.76,11.0,2.78,11.1,2.72,11.1,2.85,11.1,2.08,11.2,2.60,
07/11/24 2:58:37 PM,11.1,2.80,11.0,2.71,11.0,2.76,11.1,2.68,11.1,2.83,11.1,2.34,11.2,2.76,
07/11/24 2:58:38 PM,11.1,2.28,11.0,2.45,11.0,3.10,11.1,2.83,11.1,2.99,11.1,2.07,11.2,2.64,
07/11/24 2:58:39 PM,11.1,2.26,11.0,2.36,11.0,2.95,11.1,2.51,11.1,2.76,11.1,2.36,11.2,2.66,
07/11/24 2:58:40 PM,11.1,2.33,11.0,2.68,11.0,2.44,11.1,2.28,11.1,2.62,11.2,1.99,11.2,2.56,
07/11/24 2:58:41 PM,11.1,2.43,11.0,2.37,11.0,2.62,11.1,2.40,11.1,2.69,11.2,2.01,11.2,2.77,
07/11/24 2:58:42 PM,11.1,2.42,11.0,2.40,11.0,2.73,11.1,2.53,11.1,2.78,11.2,2.03,11.2,2.98,
07/11/24 2:58:43 PM,11.1,2.71,11.0,2.77,11.0,2.97,11.1,2.88,11.1,3.12,11.2,2.24,11.2,2.98,
07/11/24 2:58:44 PM,11.1,2.71,11.0,2.44,11.0,3.04,11.1,2.71,11.1,2.94,11.2,2.31,11.1,2.80,
07/11/24 2:58:45 PM,11.1,2.32,11.0,2.31,11.0,2.78,11.1,2.55,11.1,2.83,11.2,2.18,11.2,3.19,
07/11/24 2:58:46 PM,11.1,2.28,11.0,2.64,11.0,2.98,11.1,2.70,11.1,2.98,11.1,2.44,11.2,3.37,
07/11/24 2:58:47 PM,11.1,2.83,11.0,2.86,11.0,3.07,11.1,2.81,11.1,3.23,11.1,2.40,11.2,3.06,
07/11/24 2:58:48 PM,11.1,2.63,11.0,3.33,11.0,3.12,11.1,2.86,11.1,2.96,11.1,2.45,11.2,2.81,
07/11/24 2:58:49 PM,11.1,2.90,11.0,3.45,11.0,3.00,11.1,2.65,11.1,2.73,11.1,2.06,11.2,2.43,
07/11/24 2:58:50 PM,11.1,2.92,11.0,3.69,11.0,3.25,11.1,2.76,11.1,2.88,11.1,1.95,11.2,3.07,
07/11/24 2:58:51 PM,11.1,3.46,11.0,4.34,11.0,3.11,11.1,2.96,11.1,3.38,11.1,2.31,11.2,3.36,
07/11/24 2:58:52 PM,11.1,3.46,11.0,3.92,11.0,3.70,11.1,3.35,11.1,3.74,11.1,2.78,11.2,3.26,
07/11/24 2:58:53 PM,11.1,3.41,11.0,3.63,11.0,3.53,11.1,2.89,11.1,3.23,11.1,2.75,11.2,3.26,
07/11/24 2:58:54 PM,11.1,3.47,11.0,3.35,11.0,3.49,11.1,3.25,11.1,3.37,11.2,2.70,11.2,3.04,
07/11/24 2:58:55 PM,11.1,2.67,11.0,2.69,11.0,3.25,11.1,3.01,11.1,3.93,11.2,2.46,11.2,3.84,
07/11/24 2:58:56 PM,11.1,2.42,11.0,3.05,11.0,3.37,11.1,3.11,11.1,3.75,11.2,3.00,11.2,4.52,
07/11/24 2:58:57 PM,11.1,2.72,11.0,2.80,11.0,2.82,11.1,2.75,11.1,3.27,11.1,2.69,11.2,3.13,
07/11/24 2:58:58 PM,11.1,3.18,11.0,4.98,11.0,4.36,11.1,4.18,11.1,4.31,11.1,2.96,11.2,3.96,
07/11/24 2:58:59 PM,11.1,4.54,11.0,4.42,11.0,5.29,11.1,4.95,11.1,4.94,11.1,3.70,11.2,4.69,
07/11/24 2:59:00 PM,11.1,4.07,11.0,3.84,11.0,4.70,11.1,4.28,11.1,4.27,11.1,3.45,11.1,4.48,
07/11/24 2:59:01 PM,11.1,3.34,11.0,3.21,11.0,3.65,11.1,3.08,11.1,3.31,11.1,2.95,11.1,3.84,
07/11/24 2:59:02 PM,11.1,2.80,11.0,3.11,11.0,3.08,11.1,2.93,11.1,3.03,11.1,2.19,11.2,3.16,
07/11/24 2:59:03 PM,11.1,2.69,11.0,2.93,11.0,3.75,11.1,3.56,11.1,3.81,11.1,2.52,11.2,3.63,
07/11/24 2:59:04 PM,11.1,2.96,11.0,3.27,11.0,3.76,11.1,3.56,11.1,4.05,11.1,2.95,11.1,3.92,
07/11/24 2:59:05 PM,11.1,2.86,11.0,2.91,11.0,3.26,11.1,3.24,11.1,3.74,11.1,3.14,11.2,4.19,
07/11/24 2:59:06 PM,11.1,2.75,11.0,3.66,11.0,3.60,11.1,3.94,11.1,4.05,11.1,3.21,11.2,4.01,
07/11/24 2:59:07 PM,11.1,3.18,11.0,4.03,11.0,3.89,11.1,3.56,11.1,3.83,11.1,3.12,11.1,3.88,
07/11/24 2:59:08 PM,11.1,3.53,11.0,4.03,11.0,3.84,11.1,3.60,11.1,3.79,11.1,2.80,11.1,3.74,
07/11/24 2:59:09 PM,11.1,3.28,11.0,3.39,11.0,3.47,11.1,3.15,11.1,3.29,11.1,2.65,11.1,3.61,
07/11/24 2:59:10 PM,11.1,2.93,11.0,3.20,11.0,3.31,11.1,3.23,11.1,3.41,11.1,2.63,11.1,3.25,
07/11/24 2:59:11 PM,11.1,2.81,11.0,3.14,11.0,3.18,11.1,3.21,11.1,3.69,11.1,2.85,11.1,3.98,
07/11/24 2:59:12 PM,11.1,2.75,11.0,3.09,11.0,3.24,11.1,3.50,11.1,3.76,11.1,3.12,11.1,3.65,
07/11/24 2:59:13 PM,11.1,2.66,11.0,3.10,11.0,3.21,11.1,3.40,11.1,3.86,11.1,2.82,11.1,3.91,
07/11/24 2:59:14 PM,11.1,2.80,11.0,3.07,11.0,3.54,11.1,3.41,11.1,3.55,11.1,2.85,11.1,3.75,
07/11/24 2:59:15 PM,11.1,2.97,11.0,3.00,11.0,3.61,11.1,3.65,11.1,3.77,11.1,2.93,11.1,3.87,
07/11/24 2:59:16 PM,11.1,2.88,11.0,2.95,11.0,3.30,11.1,3.20,11.1,3.42,11.1,2.85,11.1,3.22,
07/11/24 2:59:17 PM,11.1,2.74,11.0,2.95,11.0,3.00,11.1,2.62,11.1,2.54,11.1,2.67,11.1,3.28,
07/11/24 2:59:18 PM,11.1,2.52,11.0,2.81,11.0,2.86,11.1,2.80,11.1,2.84,11.1,2.11,11.1,3.00,
07/11/24 2:59:19 PM,11.1,2.70,11.0,2.54,11.0,3.39,11.1,3.29,11.1,3.42,11.1,2.31,11.1,3.35,
07/11/24 2:59:20 PM,11.1,2.90,11.0,3.83,11.0,3.75,11.1,3.67,11.1,4.02,11.1,2.71,11.1,3.61,
07/11/24 2:59:21 PM,11.1,3.54,11.0,4.33,11.0,4.14,11.1,3.77,11.1,4.28,11.1,3.09,11.1,3.62,
07/11/24 2:59:22 PM,11.1,3.64,11.0,4.33,11.0,4.22,11.1,3.76,11.1,4.25,11.1,2.86,11.1,3.59,
07/11/24 2:59:23 PM,11.1,3.35,11.0,4.12,11.0,3.98,11.1,3.73,11.1,4.83,11.1,3.76,11.1,4.46,
07/11/24 2:59:24 PM,11.1,3.68,11.0,4.21,11.0,4.26,11.1,3.80,11.1,4.27,11.1,3.56,11.1,4.42,
07/11/24 2:59:25 PM,11.1,3.60,11.0,4.21,11.0,4.03,11.1,3.52,11.1,3.96,11.1,3.06,11.1,4.06,
07/11/24 2:59:26 PM,11.1,3.42,11.0,3.67,11.0,3.69,11.1,3.33,11.1,3.64,11.1,3.14,11.1,3.93,
07/11/24 2:59:27 PM,11.1,3.19,11.0,3.56,11.0,3.33,11.1,3.19,11.1,3.56,11.1,2.82,11.1,3.80,
07/11/24 2:59:28 PM,11.1,3.05,11.0,3.56,11.0,3.49,11.1,3.12,11.1,3.70,11.1,2.74,11.1,3.19,
07/11/24 2:59:29 PM,11.1,3.09,11.0,3.81,11.0,3.42,11.1,3.10,11.1,3.77,11.1,2.82,11.1,3.50,
07/11/24 2:59:30 PM,11.1,3.34,11.0,3.81,11.0,3.82,11.1,3.35,11.1,3.69,11.1,2.92,11.1,3.28,
07/11/24 2:59:31 PM,11.1,3.53,11.0,3.95,11.0,3.83,11.1,3.19,11.1,3.57,11.1,2.61,11.1,3.07,
07/11/24 2:59:32 PM,11.1,3.51,11.0,3.83,11.0,3.67,11.1,3.10,11.1,3.34,11.1,2.56,11.1,3.28,
07/11/24 2:59:33 PM,11.1,3.10,11.0,3.39,11.0,3.62,11.1,3.50,11.1,3.91,11.1,2.58,11.1,2.96,
07/11/24 2:59:34 PM,11.1,3.69,11.0,3.97,11.0,3.91,11.1,3.25,11.1,3.71,11.1,2.91,11.1,3.44,
07/11/24 2:59:35 PM,11.1,3.48,11.0,3.97,11.0,3.52,11.1,2.98,11.1,3.32,11.1,2.42,11.1,3.06,
07/11/24 2:59:36 PM,11.1,3.39,11.0,3.66,11.0,3.49,11.1,2.94,11.1,3.22,11.1,2.33,11.1,2.97,
07/11/24 2:59:37 PM,11.1,2.96,11.0,3.66,11.0,3.18,11.1,2.84,11.1,3.27,11.1,2.43,11.1,2.98,
07/11/24 2:59:38 PM,11.1,3.08,11.0,3.34,11.0,3.39,11.1,2.95,11.1,3.39,11.1,2.63,11.1,3.36,
07/11/24 2:59:39 PM,11.1,3.08,11.0,3.34,11.0,3.46,11.1,2.97,11.1,3.37,11.1,2.61,11.1,3.00,
07/11/24 2:59:40 PM,11.1,2.93,11.0,2.96,11.0,3.18,11.1,2.93,11.1,3.34,11.1,2.44,11.1,3.26,
07/11/24 2:59:41 PM,11.1,2.96,11.0,3.57,11.0,3.31,11.1,3.03,11.1,3.48,11.1,2.54,11.1,3.58,
07/11/24 2:59:42 PM,11.1,3.05,11.0,3.34,11.0,3.39,11.1,2.90,11.1,3.31,11.1,2.78,11.1,3.39,
07/11/24 2:59:43 PM,11.1,2.93,11.0,3.26,11.0,3.00,11.1,2.85,11.1,3.17,11.1,2.48,11.1,3.11,
07/11/24 2:59:44 PM,11.1,2.91,11.0,3.13,11.0,2.95,11.1,2.75,11.1,3.01,11.1,2.43,11.1,3.21,
07/11/24 2:59:45 PM,11.1,2.80,11.0,3.13,11.0,2.89,11.1,2.89,11.1,3.47,11.1,2.48,11.1,3.20,
07/11/24 2:59:46 PM,11.1,3.31,11.0,3.89,11.0,3.44,11.1,2.79,11.1,3.10,11.1,2.56,11.1,3.29,
07/11/24 2:59:47 PM,11.1,2.77,11.0,3.45,11.0,2.84,11.1,2.62,11.1,2.96,11.1,2.34,11.1,2.96,
07/11/24 2:59:48 PM,11.1,2.48,11.0,2.82,11.0,2.97,11.1,2.93,11.1,3.28,11.1,2.53,11.1,3.03,
07/11/24 2:59:49 PM,11.1,2.85,11.0,2.89,11.0,3.17,11.1,2.94,11.1,3.14,11.1,2.47,11.1,3.12,
07/11/24 2:59:50 PM,11.1,2.50,11.0,2.89,11.0,2.87,11.1,2.74,11.1,3.07,11.1,2.05,11.1,3.05,
07/11/24 2:59:51 PM,11.1,2.43,11.0,2.73,11.0,2.67,11.1,2.50,11.1,2.90,11.1,2.63,11.1,3.18,
07/11/24 2:59:52 PM,11.1,2.23,11.0,2.24,11.0,2.44,11.1,2.19,11.1,2.41,11.1,2.24,11.2,2.77,
07/11/24 2:59:53 PM,11.1,2.28,11.0,2.30,11.0,2.57,11.1,2.42,11.1,2.52,11.1,1.86,11.2,2.36,
07/11/24 2:59:54 PM,11.1,2.39,11.0,2.92,11.0,2.94,11.1,2.66,11.1,2.91,11.1,1.82,11.2,2.69,
07/11/24 2:59:55 PM,11.1,2.86,11.0,2.95,11.0,3.06,11.1,2.64,11.1,2.89,11.1,2.25,11.2,3.07,
07/11/24 2:59:56 PM,11.1,2.66,11.0,2.84,11.0,2.84,11.1,2.47,11.1,2.80,11.1,2.27,11.1,3.09,
07/11/24 2:59:57 PM,11.1,2.52,11.0,2.69,11.0,2.70,11.1,2.55,11.1,2.80,11.1,2.35,11.2,3.18,
07/11/24 2:59:58 PM,11.1,2.47,11.0,2.30,11.0,2.65,11.1,2.51,11.1,2.97,11.1,2.17,11.2,2.88,
07/11/24 2:59:59 PM,11.1,2.24,11.0,3.01,11.0,2.76,11.1,2.80,11.1,2.97,11.1,1.99,11.2,2.58,
07/11/24 3:00:00 PM,11.1,2.64,11.0,3.24,11.0,2.80,11.1,2.73,11.1,2.71,11.1,1.86,11.2,2.76,
07/11/24 3:00:01 PM,11.1,2.71,11.0,2.97,11.0,3.21,11.1,2.96,11.1,3.00,11.1,2.24,11.2,2.53,
07/11/24 3:00:02 PM,11.1,2.67,11.0,3.08,11.0,2.98,11.1,2.90,11.1,3.04,11.1,2.11,11.2,2.55,
07/11/24 3:00:03 PM,11.1,2.61,11.0,3.08,11.0,2.76,11.1,2.47,11.1,2.52,11.1,1.94,11.2,2.53,
07/11/24 3:00:04 PM,11.1,2.09,11.0,2.71,11.0,2.38,11.1,2.05,11.1,2.21,11.1,1.65,11.2,2.35,
07/11/24 3:00:05 PM,11.1,1.55,11.0,2.01,11.0,2.31,11.1,2.31,11.1,2.52,11.1,1.57,11.2,2.81,
07/11/24 3:00:06 PM,11.1,1.97,11.0,1.92,11.0,2.40,11.1,2.36,11.1,2.49,11.1,1.95,11.2,2.52,
07/11/24 3:00:07 PM,11.1,1.66,11.0,1.81,11.0,2.03,11.1,1.99,11.1,2.18,11.1,1.85,11.2,2.28,
07/11/24 3:00:08 PM,11.1,1.61,11.0,2.22,11.0,1.88,11.1,1.95,11.1,1.93,11.1,1.17,11.2,1.79,
07/11/24 3:00:09 PM,11.1,1.55,11.0,2.24,11.0,1.98,11.1,1.98,11.1,2.06,11.2,1.42,11.2,1.80,
07/11/24 3:00:10 PM,11.1,2.06,11.0,2.54,11.0,2.23,11.1,2.10,11.1,2.28,11.2,1.53,11.2,2.01,
07/11/24 3:00:11 PM,11.1,2.01,11.0,2.47,11.0,2.37,11.1,2.36,11.1,2.55,11.2,1.82,11.2,1.91,
07/11/24 3:00:12 PM,11.1,2.32,11.0,2.56,11.0,2.72,11.1,2.52,11.1,2.66,11.2,2.06,11.2,2.08,
07/11/24 3:00:13 PM,11.1,2.42,11.0,2.59,11.0,2.60,11.1,2.38,11.1,2.54,11.2,1.96,11.2,2.46,
07/11/24 3:00:14 PM,11.1,2.40,11.0,2.20,11.0,2.64,11.1,2.47,11.1,2.65,11.2,1.98,11.2,2.59,
07/11/24 3:00:15 PM,11.1,1.98,11.0,2.20,11.0,2.45,11.1,2.29,11.1,2.42,11.2,1.90,11.2,2.44,
07/11/24 3:00:16 PM,11.1,1.96,11.0,2.30,11.0,2.42,11.1,2.20,11.1,2.34,11.2,1.79,11.2,2.06,
07/11/24 3:00:17 PM,11.1,1.87,11.0,2.28,11.0,1.95,11.1,1.98,11.1,2.29,11.2,1.77,11.2,2.30,
07/11/24 3:00:18 PM,11.1,1.90,11.0,2.19,11.0,2.27,11.1,2.10,11.1,2.37,11.2,1.66,11.2,2.19,
07/11/24 3:00:19 PM,11.1,1.93,11.0,2.13,11.0,2.06,11.1,2.15,11.1,2.35,11.2,1.56,11.2,2.24,
07/11/24 3:00:20 PM,11.1,1.84,11.0,1.99,11.0,2.01,11.1,1.83,11.1,2.00,11.2,1.54,11.2,2.21,
07/11/24 3:00:21 PM,11.1,1.78,11.0,1.85,11.0,1.92,11.1,1.86,11.1,1.92,11.2,1.53,11.2,1.86,
07/11/24 3:00:22 PM,11.1,1.66,11.0,1.96,11.0,1.92,11.1,1.96,11.1,2.17,11.2,1.51,11.2,1.81,
07/11/24 3:00:23 PM,11.1,1.78,11.0,2.06,11.0,1.96,11.1,1.85,11.2,1.87,11.2,1.47,11.2,1.64,
07/11/24 3:00:24 PM,11.1,1.72,11.0,1.84,11.0,1.83,11.1,1.84,11.2,1.87,11.2,1.31,11.2,1.81,
07/11/24 3:00:25 PM,11.1,1.71,11.0,1.71,11.0,1.93,11.1,1.80,11.2,1.95,11.2,1.39,11.2,1.68,
07/11/24 3:00:26 PM,11.1,1.81,11.0,2.00,11.0,2.12,11.1,2.10,11.2,2.19,11.2,1.41,11.2,1.74,
07/11/24 3:00:27 PM,11.1,1.95,11.0,1.90,11.0,2.56,11.1,2.26,11.1,2.23,11.2,1.64,11.2,1.90,
07/11/24 3:00:28 PM,11.1,1.27,11.0,2.29,11.0,2.12,11.1,2.32,11.1,2.62,11.2,2.11,11.2,2.89,
07/11/24 3:00:29 PM,11.1,0.98,11.0,2.28,11.0,2.14,11.1,2.22,11.1,2.59,11.2,2.11,11.2,2.57,
07/11/24 3:00:30 PM,11.1,1.90,11.0,2.13,11.0,2.51,11.1,2.52,11.1,2.75,11.2,2.00,11.2,2.46,
07/11/24 3:00:31 PM,11.1,2.15,11.0,2.63,11.0,2.53,11.1,2.59,11.1,2.75,11.2,2.14,11.2,2.41,
07/11/24 3:00:32 PM,11.1,2.31,11.0,2.82,11.0,2.69,11.1,2.55,11.1,2.63,11.2,1.84,11.2,2.68,
07/11/24 3:00:33 PM,11.1,2.51,11.0,2.87,11.0,2.95,11.1,2.82,11.1,2.85,11.2,1.97,11.2,2.69,
07/11/24 3:00:34 PM,11.1,2.46,11.0,2.64,11.0,2.81,11.1,2.84,11.1,2.87,11.1,2.16,11.2,2.98,
07/11/24 3:00:35 PM,11.1,2.44,11.0,2.66,11.0,2.89,11.1,2.75,11.1,2.89,11.1,1.99,11.2,2.76,
07/11/24 3:00:36 PM,11.1,2.48,11.0,2.44,11.0,2.37,11.1,2.29,11.1,3.04,11.1,2.35,11.2,2.90,
07/11/24 3:00:37 PM,11.1,1.90,11.0,2.19,11.0,1.98,11.1,1.86,11.1,2.14,11.1,1.99,11.1,2.54,
07/11/24 3:00:38 PM,11.1,2.04,11.0,2.09,11.0,1.93,11.1,1.75,11.1,2.29,11.1,1.74,11.2,2.69,
07/11/24 3:00:39 PM,11.1,2.08,11.0,2.37,11.0,2.09,11.1,1.94,11.1,2.27,11.1,1.57,11.2,2.36,
07/11/24 3:00:40 PM,11.1,1.99,11.0,2.05,11.0,2.24,11.1,2.20,11.1,2.55,11.1,1.68,11.2,1.84,
07/11/24 3:00:41 PM,11.1,1.84,11.0,2.11,11.0,2.11,11.1,2.10,11.2,2.57,11.2,1.97,11.2,2.39,
07/11/24 3:00:42 PM,11.1,1.85,11.0,2.31,11.0,2.03,11.1,1.98,11.1,2.18,11.2,1.90,11.2,2.79,
07/11/24 3:00:43 PM,11.1,2.17,11.0,2.29,11.0,2.81,11.1,2.82,11.1,3.14,11.2,1.87,11.2,3.40,
07/11/24 3:00:44 PM,11.1,2.60,11.0,2.67,11.0,2.99,11.1,2.67,11.1,2.70,11.2,2.25,11.2,3.51,
07/11/24 3:00:45 PM,11.1,2.02,11.0,2.11,11.0,2.45,11.1,2.52,11.1,2.85,11.2,2.40,11.1,3.79,
07/11/24 3:00:46 PM,11.1,2.53,11.0,2.38,11.0,2.78,11.1,2.79,11.1,3.02,11.2,2.21,11.1,3.49,
07/11/24 3:00:47 PM,11.1,2.27,11.0,2.69,11.0,3.00,11.1,3.17,11.1,3.79,11.2,2.73,11.1,3.72,
07/11/24 3:00:48 PM,11.1,2.67,11.0,2.63,11.0,3.66,11.1,3.56,11.1,3.79,11.1,2.86,11.1,3.86,
07/11/24 3:00:49 PM,11.1,2.96,11.0,3.30,11.0,3.73,11.1,3.57,11.1,3.70,11.1,2.95,11.1,3.90,
07/11/24 3:00:50 PM,11.1,3.35,11.0,3.18,11.0,4.20,11.1,3.65,11.1,3.93,11.1,2.52,11.1,3.61,
07/11/24 3:00:51 PM,11.1,3.70,11.0,4.52,11.0,3.66,11.1,3.53,11.1,3.86,11.1,3.17,11.1,3.94,
07/11/24 3:00:52 PM,11.1,3.20,11.0,3.86,11.0,3.56,11.1,3.32,11.1,3.73,11.1,2.87,11.1,3.22,
07/11/24 3:00:53 PM,11.1,3.10,11.0,3.76,11.0,3.46,11.1,3.19,11.1,3.44,11.1,2.72,11.1,3.10,
07/11/24 3:00:54 PM,11.1,3.22,11.0,3.93,11.0,3.80,11.1,3.21,11.1,3.64,11.1,2.61,11.1,3.46,
07/11/24 3:00:55 PM,11.1,3.78,11.0,4.83,11.0,3.72,11.1,3.50,11.1,3.87,11.1,2.61,11.1,3.44,
07/11/24 3:00:56 PM,11.1,3.38,11.0,4.03,11.0,3.46,11.1,3.33,11.1,3.78,11.1,2.94,11.1,3.70,
07/11/24 3:00:57 PM,11.1,3.30,11.0,3.87,11.0,3.95,11.1,3.52,11.1,3.53,11.1,2.31,11.1,3.44,
07/11/24 3:00:58 PM,11.1,3.57,11.0,3.90,11.0,3.99,11.1,4.01,11.1,4.38,11.1,3.40,11.1,3.84,
07/11/24 3:00:59 PM,11.1,3.40,11.0,3.65,11.0,3.92,11.1,3.89,11.1,4.10,11.1,3.15,11.1,3.94,
07/11/24 3:01:00 PM,11.1,3.16,11.0,2.93,11.0,4.49,11.1,4.26,11.1,4.41,11.1,3.18,11.1,3.81,
07/11/24 3:01:01 PM,11.1,3.80,11.0,3.90,11.0,4.32,11.1,3.98,11.1,3.99,11.1,2.80,11.1,3.47,
07/11/24 3:01:02 PM,11.1,3.27,11.0,3.58,11.0,3.72,11.1,3.61,11.1,3.64,11.1,2.84,11.1,3.45,
07/11/24 3:01:03 PM,11.1,3.22,11.0,3.72,11.0,3.76,11.1,3.50,11.1,3.80,11.1,2.75,11.1,3.54,
07/11/24 3:01:04 PM,11.1,3.22,11.0,3.79,11.0,3.59,11.1,3.36,11.1,3.77,11.1,2.87,11.1,3.14,
07/11/24 3:01:05 PM,11.1,2.97,11.0,3.42,11.0,3.52,11.1,3.31,11.1,3.36,11.1,2.51,11.1,2.89,
07/11/24 3:01:06 PM,11.1,2.64,11.0,3.24,11.0,2.85,11.1,2.84,11.1,3.29,11.1,2.29,11.1,3.07,
07/11/24 3:01:07 PM,11.1,2.75,11.0,2.99,11.0,2.90,11.1,2.57,11.1,2.76,11.1,2.33,11.1,2.85,
07/11/24 3:01:08 PM,11.1,2.42,11.0,2.59,11.0,2.82,11.1,2.54,11.1,2.86,11.1,2.26,11.1,2.83,
07/11/24 3:01:09 PM,11.1,2.80,11.0,3.00,11.0,3.08,11.1,2.90,11.1,3.18,11.1,2.37,11.1,2.92,
07/11/24 3:01:10 PM,11.1,2.73,11.0,3.24,11.0,2.89,11.1,2.68,11.1,3.02,11.1,2.59,11.1,2.97,
07/11/24 3:01:11 PM,11.1,2.78,11.0,2.70,11.0,3.19,11.1,2.77,11.1,2.93,11.1,2.30,11.1,2.94,
07/11/24 3:01:12 PM,11.1,2.93,11.0,3.21,11.0,2.98,11.1,2.70,11.1,2.86,11.1,2.01,11.1,2.71,
07/11/24 3:01:13 PM,11.1,2.87,11.0,2.99,11.0,3.03,11.1,2.70,11.1,2.98,11.1,2.21,11.1,2.99,
07/11/24 3:01:14 PM,11.1,3.13,11.0,3.67,11.0,3.48,11.1,3.00,11.1,3.26,11.1,2.08,11.1,2.64,
07/11/24 3:01:15 PM,11.1,3.28,11.0,3.82,11.0,3.40,11.1,3.21,11.1,3.48,11.1,2.65,11.1,3.27,
07/11/24 3:01:16 PM,11.1,2.88,11.0,3.49,11.0,3.00,11.1,2.83,11.1,3.05,11.1,2.63,11.1,3.19,
07/11/24 3:01:17 PM,11.1,2.64,11.0,3.08,11.0,2.81,11.1,2.64,11.1,2.92,11.1,2.24,11.1,2.74,
07/11/24 3:01:18 PM,11.1,2.33,11.0,2.70,11.0,2.90,11.1,2.76,11.1,3.03,11.1,2.12,11.2,2.66,
07/11/24 3:01:19 PM,11.1,2.49,11.0,2.63,11.0,2.71,11.1,2.57,11.1,2.85,11.1,2.61,11.2,3.15,
07/11/24 3:01:20 PM,11.1,2.39,11.0,2.46,11.0,2.45,11.1,2.74,11.1,3.00,11.1,2.37,11.2,3.24,
07/11/24 3:01:21 PM,11.1,2.09,11.0,2.52,11.0,2.94,11.1,2.90,11.1,3.13,11.1,2.79,11.2,3.00,
07/11/24 3:01:22 PM,11.1,3.05,11.0,3.28,11.0,3.60,11.1,3.10,11.1,3.45,11.1,2.38,11.1,2.89,
07/11/24 3:01:23 PM,11.1,3.04,11.0,3.65,11.0,3.49,11.1,3.07,11.1,3.53,11.1,2.63,11.1,3.20,
07/11/24 3:01:24 PM,11.1,3.18,11.0,3.36,11.0,3.38,11.1,3.22,11.1,3.70,11.1,2.76,11.1,3.29,
07/11/24 3:01:25 PM,11.1,3.10,11.0,3.67,11.0,3.40,11.1,2.92,11.1,3.17,11.1,2.61,11.1,3.20,
07/11/24 3:01:26 PM,11.1,2.94,11.0,3.33,11.0,3.02,11.1,2.78,11.1,3.16,11.1,2.50,11.1,3.11,
07/11/24 3:01:27 PM,11.1,2.88,11.0,3.35,11.0,3.17,11.1,2.98,11.1,3.42,11.1,2.32,11.1,3.19,
07/11/24 3:01:28 PM,11.1,2.84,11.0,2.95,11.0,3.52,11.1,3.02,11.1,3.26,11.1,2.65,11.1,3.36,
07/11/24 3:01:29 PM,11.1,2.84,11.0,2.94,11.0,3.05,11.1,2.70,11.1,3.09,11.1,2.60,11.1,3.11,
07/11/24 3:01:30 PM,11.1,2.70,11.0,2.89,11.0,2.97,11.1,2.83,11.1,3.25,11.1,2.39,11.1,3.18,
07/11/24 3:01:31 PM,11.1,2.72,11.0,2.96,11.0,3.00,11.1,2.85,11.1,3.23,11.1,2.55,11.2,2.97,
07/11/24 3:01:32 PM,11.1,2.63,11.0,2.95,11.0,3.18,11.1,2.85,11.1,2.95,11.1,2.38,11.2,2.94,
07/11/24 3:01:33 PM,11.1,2.97,11.0,3.55,11.0,2.99,11.1,2.80,11.1,2.86,11.1,2.16,11.2,2.76,
07/11/24 3:01:34 PM,11.1,2.63,11.0,2.87,11.0,2.67,11.1,2.55,11.1,2.75,11.1,2.27,11.2,2.94,
07/11/24 3:01:35 PM,11.1,2.36,11.0,2.70,11.0,2.57,11.1,2.52,11.1,2.77,11.1,2.15,11.2,2.67,
07/11/24 3:01:36 PM,11.1,2.24,11.0,2.51,11.0,2.53,11.1,2.47,11.1,2.79,11.1,2.03,11.2,2.73,
07/11/24 3:01:37 PM,11.1,2.25,11.0,2.71,11.0,2.38,11.1,1.94,11.1,1.99,11.2,1.80,11.2,2.30,
07/11/24 3:01:38 PM,11.1,1.95,11.0,2.56,11.0,2.02,11.1,1.78,11.1,1.90,11.2,1.59,11.2,1.76,
07/11/24 3:01:39 PM,11.1,1.75,11.0,2.12,11.0,2.36,11.1,2.16,11.1,2.36,11.2,1.54,11.2,2.40,
07/11/24 3:01:40 PM,11.1,2.31,11.0,2.63,11.0,3.04,11.1,2.97,11.1,3.29,11.2,1.94,11.2,2.81,
07/11/24 3:01:41 PM,11.1,2.82,11.0,3.34,11.0,3.70,11.1,3.27,11.1,3.41,11.2,2.37,11.2,3.04,
07/11/24 3:01:42 PM,11.1,3.46,11.0,3.83,11.0,3.66,11.1,3.00,11.1,3.29,11.1,2.43,11.2,3.21,
07/11/24 3:01:43 PM,11.1,2.81,11.0,2.87,11.0,3.60,11.1,3.11,11.1,3.55,11.1,2.44,11.2,3.35,
07/11/24 3:01:44 PM,11.1,3.26,11.0,2.96,11.0,3.40,11.1,3.08,11.1,3.62,11.1,2.88,11.1,4.15,
07/11/24 3:01:45 PM,11.1,3.20,11.0,3.54,11.0,3.73,11.1,3.45,11.1,3.58,11.1,2.84,11.1,3.59,
07/11/24 3:01:46 PM,11.1,3.44,11.0,2.99,11.0,3.80,11.1,3.42,11.1,3.63,11.1,2.70,11.1,3.49,
07/11/24 3:01:47 PM,11.1,3.16,11.0,3.45,11.0,3.36,11.1,2.96,11.1,3.19,11.1,2.65,11.1,3.54,
07/11/24 3:01:48 PM,11.1,2.75,11.0,2.86,11.0,3.40,11.1,3.53,11.1,4.18,11.1,2.98,11.1,4.29,
07/11/24 3:01:49 PM,11.1,3.35,11.0,3.93,11.0,4.04,11.1,3.60,11.1,4.14,11.1,3.21,11.1,4.20,
07/11/24 3:01:50 PM,11.1,3.72,11.0,4.82,11.0,4.14,11.1,3.76,11.1,4.23,11.1,3.23,11.1,4.09,
07/11/24 3:01:51 PM,11.1,3.39,11.0,3.88,11.0,4.31,11.1,3.75,11.1,4.19,11.1,3.12,11.1,3.86,
07/11/24 3:01:52 PM,11.1,3.80,11.0,4.33,11.0,4.21,11.1,3.61,11.1,4.02,11.1,3.04,11.1,3.90,
07/11/24 3:01:53 PM,11.1,3.78,11.0,3.90,10.9,3.89,11.0,3.36,11.1,3.66,11.1,2.98,11.1,3.89,
07/11/24 3:01:54 PM,11.1,3.65,11.0,3.89,10.9,3.78,11.0,3.25,11.1,3.69,11.1,2.86,11.1,3.85,
07/11/24 3:01:55 PM,11.1,3.51,11.0,4.15,10.9,3.78,11.1,3.39,11.1,3.71,11.1,2.81,11.1,3.61,
07/11/24 3:01:56 PM,11.1,3.84,10.9,4.77,10.9,4.31,11.1,3.62,11.1,4.06,11.1,2.82,11.1,3.65,
07/11/24 3:01:57 PM,11.1,4.04,11.0,4.56,10.9,4.28,11.1,3.70,11.1,3.84,11.1,2.80,11.1,3.52,
07/11/24 3:01:58 PM,11.0,3.52,10.9,4.57,10.9,3.32,11.0,2.91,11.1,3.32,11.1,2.62,11.1,3.62,
07/11/24 3:01:59 PM,11.0,3.34,10.9,4.38,10.9,3.62,11.0,3.15,11.1,3.40,11.1,2.52,11.1,3.58,
07/11/24 3:02:00 PM,11.0,3.76,10.9,4.84,10.9,3.92,11.1,3.47,11.1,3.73,11.1,3.10,11.1,3.90,
07/11/24 3:02:01 PM,11.1,3.30,10.9,3.96,11.0,3.54,11.1,2.99,11.1,3.25,11.1,2.72,11.1,3.79,
07/11/24 3:02:02 PM,11.1,3.09,11.0,3.64,11.0,3.39,11.1,2.93,11.1,3.80,11.1,2.69,11.1,3.92,
07/11/24 3:02:03 PM,11.1,3.59,11.0,4.01,11.0,4.03,11.1,3.63,11.1,4.15,11.1,3.17,11.1,4.36,
07/11/24 3:02:04 PM,11.1,3.90,11.0,4.44,11.0,4.12,11.1,3.60,11.1,4.12,11.1,3.32,11.1,4.00,
07/11/24 3:02:05 PM,11.1,3.63,11.0,4.05,10.9,4.33,11.1,3.83,11.1,4.36,11.1,2.98,11.1,4.13,
07/11/24 3:02:06 PM,11.0,4.45,10.9,5.32,10.9,4.78,11.0,4.07,11.1,4.48,11.1,3.28,11.1,4.35,
07/11/24 3:02:07 PM,11.0,4.40,10.9,5.28,10.9,4.65,11.0,4.04,11.1,4.61,11.1,3.46,11.1,4.38,
07/11/24 3:02:08 PM,11.1,4.38,10.9,5.11,10.9,4.79,11.0,4.03,11.1,4.45,11.1,3.62,11.1,4.45,
07/11/24 3:02:09 PM,11.1,4.04,11.0,4.68,10.9,4.48,11.0,3.77,11.1,4.11,11.1,3.06,11.1,4.04,
07/11/24 3:02:10 PM,11.0,4.24,11.0,4.61,10.9,4.56,11.0,4.00,11.1,4.38,11.1,3.17,11.1,4.02,
07/11/24 3:02:11 PM,11.0,4.20,10.9,5.14,10.9,4.54,11.0,4.05,11.1,4.51,11.1,3.13,11.1,3.84,
07/11/24 3:02:12 PM,11.0,3.91,11.0,4.37,10.9,4.52,11.0,4.22,11.1,4.43,11.1,3.15,11.1,3.76,
07/11/24 3:02:13 PM,11.0,4.10,10.9,4.77,10.9,4.51,11.0,3.85,11.1,3.89,11.1,2.90,11.1,3.58,
07/11/24 3:02:14 PM,11.0,3.93,10.9,4.93,10.9,4.30,11.0,3.84,11.1,4.00,11.1,2.94,11.1,3.66,
07/11/24 3:02:15 PM,11.0,3.86,10.9,4.90,10.9,4.38,11.0,3.94,11.1,3.99,11.1,3.03,11.1,3.65,
07/11/24 3:02:16 PM,11.0,3.71,10.9,4.55,10.9,4.06,11.0,3.46,11.1,3.74,11.1,2.92,11.1,3.43,
07/11/24 3:02:17 PM,11.0,3.70,10.9,4.58,10.9,3.81,11.1,3.38,11.1,3.77,11.1,2.86,11.1,3.39,
07/11/24 3:02:18 PM,11.1,3.47,11.0,3.98,11.0,3.64,11.1,3.11,11.1,3.58,11.1,2.71,11.1,3.09,
07/11/24 3:02:19 PM,11.1,3.35,11.0,3.94,11.0,3.54,11.1,3.07,11.1,3.32,11.1,2.65,11.1,3.52,
07/11/24 3:02:20 PM,11.1,3.16,11.0,3.62,11.0,3.39,11.1,3.09,11.1,3.33,11.1,2.67,11.1,3.34,
07/11/24 3:02:21 PM,11.1,2.89,11.0,3.25,11.0,3.01,11.1,2.79,11.1,3.14,11.1,2.41,11.1,3.14,
07/11/24 3:02:22 PM,11.1,2.81,11.0,3.31,11.0,3.15,11.1,2.92,11.1,3.34,11.1,2.69,11.1,3.27,
07/11/24 3:02:23 PM,11.1,2.74,11.0,3.36,11.0,3.32,11.1,2.87,11.1,3.27,11.1,2.70,11.1,3.84,
07/11/24 3:02:24 PM,11.1,3.20,11.0,2.97,11.0,3.49,11.1,2.99,11.1,3.66,11.1,2.77,11.1,3.87,
07/11/24 3:02:25 PM,11.1,3.23,11.0,3.64,11.0,3.61,11.1,3.29,11.1,3.79,11.1,2.81,11.1,3.65,
07/11/24 3:02:26 PM,11.1,3.61,11.0,3.85,11.0,4.41,11.1,3.74,11.1,3.89,11.1,2.75,11.1,3.57,
Overall Average,11.1,2.58,11.0,3.00,11.0,3.03,11.1,2.84,11.1,3.13,11.1,2.37,11.2,3.05,
Minimum Total,11.0,0.55,10.9,1.02,10.9,0.54,11.0,1.28,11.1,1.30,11.1,0.99,11.1,1.14,
Maximum Total,11.4,4.54,11.3,5.91,11.2,5.29,11.3,4.95,11.3,4.94,11.3,3.76,11.3,9.61,

< General Information >
App Version,Name of Measurement Program,Date of Measurement,Comments,
26.9.6.82468,Basic View,07/11/24 3:02:26 PM,,

< Company >
City,Country,Customer Number,E-mail address,Name,Name of Technician,Phone,Street,Fax,Website Address,
,,,,,,,,,,

< Customer >
City,Country,Customer Number,E-mail address,Name,Name of Technician,Phone,Street,
,,,,,,,,

< Instruments >
Name,Serial Number,Firmware Version,Measurement Parameters,
testo 405i,46883518,2.4.13,Temperature,
testo 405i,46883518,2.4.13,Flow Velocity,
testo 405i,47010994,1.101.1,Temperature,
testo 405i,47010994,1.101.1,Flow Velocity,
testo 405i,47062240,1.101.1,Temperature,
testo 405i,47062240,1.101.1,Flow Velocity,
testo 405i,48945272,1.101.1,Temperature,
testo 405i,48945272,1.101.1,Flow Velocity,
testo 405i,48945284,1.101.1,Temperature,
testo 405i,48945284,1.101.1,Flow Velocity,
testo 405i,48945348,1.101.1,Temperature,
testo 405i,48945348,1.101.1,Flow Velocity,
testo 405i,48945351,1.101.1,Temperature,
testo 405i,48945351,1.101.1,Flow Velocity,

< Measuring Site >
Name,System Number,System Type,System Manufacturer,System Serial Number,Date of Manufacture,Notes,
,,,,,,,

< Measurement Parameters >
Measuring mode,Measuring Cycle,Start Time,End,Duration,
Continuous,1 Sec,07/11/24 2:47:26 PM,07/11/24 3:02:26 PM,15 Min. 0 Sec,

< Graphic sections >
Name

< Images >
Name

